[
  {
    "id": "120363041927560984@g.us",
    "msg": "*NÃO PAGAVA NINGUÉM VIVO ESSE DAI, FOI TARDE*"
  },
  {
    "id": "120363027017238175@g.us",
    "msg": "kakakakkaka"
  },
  {
    "id": "120363043868891162@g.us",
    "msg": "TE AMO GRUPO"
  },
  {
    "id": "120363047278071583@g.us",
    "msg": "୭✧ࣶᭂ⋆.ᙖᥡᥱ⋆.୭✧ࣶᭂ\n   ⏝ ͝ ⏝ ͝ ⏝ ͝͝  ⏝ ͝ ⏝ ͝ ⏝ ͝͝ 𖥻 𔘓:‹\n\n˖🌊 ❲·ꪀꫀᥕ ꧑ꫀ᥉᥉ᥲᧁꫀ˚ꦼ ❱\n\n∘ ◦ ⚬ ○ ◯ ○ ⚬ ◦ ∘\n⊹ֶָ֢ 🎩ꜝֶָ֢ʾʾ Infelizmente um soldado caiu, adeus. 👋\n\n*Caso queira voltar é só pedir pra um ADM* \n\n⏝ ͝ ⏝ ͝ ⏝ ͝͝  ⏝ ͝ ⏝ ͝ ⏝ ͝͝ 𖥻 𔘓:‹"
  }
]
