{"version":19,"hash":{"type":"Buffer","data":"M6GYTU30fi8m1Im6pBdjjuvWPFqKXOSkkB77mFKkBm2mOdGyOH680ZlXQZ9/7ZDsMssdgvdUWtg6czmA5Brh9pi1FaDuath7aCVRG08CBrsBRyi1TwOpio2VFGwd7PA46chclihk1BVjxDRJjDqZfapCQ9nOJYqmqfhs3hrathg="},"indexValueMap":{"VqCfuF0M+X3uzJ8v1+igeAgwIDsn3HwwaeJzmB9mOXs=":{"valueMac":{"type":"Buffer","data":"0cmmADsi+Ogme0+ba2UTEA/FDMbH8yitL4zcvP1i4Uo="}},"biIBrnEYXSy9i6IS47HAH3wLdQy2zRLcasE0/nq2hP0=":{"valueMac":{"type":"Buffer","data":"7ick5EDQCoIS7b2fkVxUXhGOErxxaxi5KckUakSOF5I="}},"c4RrIkGVnD41p52moajolzhf700M2Ub8fYl+lo+XhOI=":{"valueMac":{"type":"Buffer","data":"qOBiUcV2/XS1UllhQkT2FsaQEWjCitC2weMJ1hPdjrk="}},"gwejOQ1ZhhAzmUk7o2+o7R22BMyw9/EmCMZSuvzn7pY=":{"valueMac":{"type":"Buffer","data":"PzOr2dkeJ105GOBwRSi6CIOI9byVawNo0eZKHCBI3EY="}},"u8AQQ7wM5TdhvKbCaWHOQAgCN0VS1i8W79/eFLJ2jAY=":{"valueMac":{"type":"Buffer","data":"tEjU2XC/NAW3fVwrF95CiYmUks90OcZzGg0GAmtsdZA="}},"55ppB4zFWim2BhEUaxB1gtHQ8zKjtpltP1d/60UjwQU=":{"valueMac":{"type":"Buffer","data":"3fAhiLjeX5Re4xVPUpsSHumkBxHvLkK5Ocl+n/+Fy0Y="}},"8jnGK732LN46k0+zfHMxw6aVDqOMOUG6sqTTSTEKKQ8=":{"valueMac":{"type":"Buffer","data":"P6TdMKuzLDGg1cPMrz26m2Jg5iyp71LnnHXVBVqpdb4="}},"9AbWGmNjpCA7e/3Kl0iCHWa9zRSKbNSQhI3HzEWKFQc=":{"valueMac":{"type":"Buffer","data":"RHRmBfst7cjM+jIH4ba5UuiwtZYoasA538aLFkRKVaA="}},"9PM5caTbW6N61NBLW0GmtbbtDvyJaDfVuh1ji1ve1jI=":{"valueMac":{"type":"Buffer","data":"dGKyNtSx6NXwvYByFbmJ+FW1nDwpHp5befJ4Rj6qOKE="}},"kTcbACN5KdxTqe1aSdq0F3i1qrFPLsa1FI2A38ztDLY=":{"valueMac":{"type":"Buffer","data":"OlwzSHukHUpLl71QjgD1kNawvPY3aV8IbGTO6aVHMps="}},"+MQGxLZ42AiOy2n9UqRjHQ5SW0Bgrfe0v5nFSCEvYjU=":{"valueMac":{"type":"Buffer","data":"t68PI1dstvQdUN4UT4HyV+b8KR32IiZ9Sd3e8VR7FcA="}},"/TZcRWk+/Li8hMrcoAk+2sONt3qGb4SE62VFbZ79lzc=":{"valueMac":{"type":"Buffer","data":"jF0IaD5ZNzYjjuaOrf90ZwmcGb1pQVsmYtCwGFai/sE="}},"cyXPGyjZqw/e/RXJPF2jixgAN6VefRaaQ9ZmObMJgeM=":{"valueMac":{"type":"Buffer","data":"WBJO1BUwOCbSSGSJnRV8Xubu5/V/EUifOZKhutQGHmA="}}}}