{"version":6,"hash":{"type":"Buffer","data":"xnLzPjyyIESiWqm9/hNhZiRhEGNsPfRsmOziYYLmvMcewv/1mbvwAXBYjP2zcAhFinx3743uscm2eM7l+x0THNhxeuzB8xxnP6J8xXaYiHQAzfJulZC+l6Md+8p5ztXXwNR1Wbboo8z6zciJw3y65B0D4KV+F5XtFwrbI/fMFBM="},"indexValueMap":{"MHKVolYG486mXU287Rz25ffBjQnHk/CgTCrFV3OhbIA=":{"valueMac":{"type":"Buffer","data":"y1eE8qHeBN3Q/EP7DVq/XljhWTyDd+P2ZDmhPdIzolQ="}},"PkJL4CZclut0cjBldfKxrhcYpT3musCqWYT8Pyxm2aE=":{"valueMac":{"type":"Buffer","data":"uZiMzv6mb51uU6EJeadrnulaoPIG2gNCoEFRuh87uwc="}},"V9ywAOd0uv09rlRrhc1ynwt6Knz1LoHALi7DmXqfQq0=":{"valueMac":{"type":"Buffer","data":"7Lx9JU0jt3qzqXdMrQAFa/AjUW9uHY/qNeH6vSTBcSY="}},"gIpPIULo59cb0M6dL6hIeagPHyIoMGX0U7ExpbYo2us=":{"valueMac":{"type":"Buffer","data":"+YNZq/M3QVT+z+FcQqYJi3hZWwqI6cHKBIIBZcsZT7E="}},"gixFkgeJ+UTiLK8RdpV4CUUyPZ66QSwnHni/ccBzxMQ=":{"valueMac":{"type":"Buffer","data":"ufDueCAkJSWazxLNhcb4ifxtior4MC3QroiYgQ0LuRI="}},"neHBWrgAvJRjzZrlX0FQ6RuFv3o7tYwFa4IvZ5Lim9c=":{"valueMac":{"type":"Buffer","data":"qqyIx8Kv5aX7rmQuIv/25OQU6AlSEp1XLdTCEfov++A="}},"t3pwlhCW/zmXPlnUUTAMGq+EJ3D4ZZY/l0fQOb+Ik0o=":{"valueMac":{"type":"Buffer","data":"r7DEiWfHvmWkJd7zo6uualmEHhAfEsUf2Ij07TsYCBs="}},"vklXDEo5hxYb04O0eleSQnDmTNYz8RXM/mR2cZd4Si4=":{"valueMac":{"type":"Buffer","data":"juHHCftO4jf7MOVMZXuYghwbrQw4NTCKt6hmk1SYxtI="}},"2BV9iZ786oppCXDTq6uxBP4gvFjfFbZNH9ltThaS36w=":{"valueMac":{"type":"Buffer","data":"hAIgIcDvqbbb629fA1HBFREwBZR6RhaeecCDFuyc8tY="}},"/77dWKfqU6O62YmLj5/ngk+jFFvz69O7bxbnq9nM3bg=":{"valueMac":{"type":"Buffer","data":"dBsGEBS6CExnUXDsw81uLuYtbecdMLx5BSrsZyxCFIY="}}}}