{"version":8,"hash":{"type":"Buffer","data":"1iDLb967DKHO7TcxVEM1tIwwyz5oD4E81PGjDQPytmdyx8HkqBJKoewHPaZRf1m51EpgkvL7u7ZavF0SxFJ7X5JTYt9aNDhFhSavsFDJRrUEnf1DYvYUHfFffZ15oIrph7AcXj66MJzFjzKy/kcH/3+iPUsGCUU+j2iX89s9Bp4="},"indexValueMap":{"BlRBMMFAoCb7fLVbgCqZpsPS1T7vmCjHakOrXpDQecw=":{"valueMac":{"type":"Buffer","data":"8HlQd20KBaKW+bs/fZ4BvY6QalEwTQr98qRTfdOFUM8="}},"FG4EZ+HxB4uJ+vFF1R4hkiU3w5pdqINL1+LU9sQz52w=":{"valueMac":{"type":"Buffer","data":"iqK0ghAursx1vk8anph2BwS/yeD/ECXFqX9xEWsdq3A="}},"HfzER3ND7QavWrSuJ/LIEApvDrQW23cLt7q610jrdHo=":{"valueMac":{"type":"Buffer","data":"WOOgszLaFJJq3koyUoypKa+QE1rrPiCzvgPaWf1YPm8="}},"JSszqkrzh6YCuboF8r1XjygfNEqdz3H8IzfaRgcJm6k=":{"valueMac":{"type":"Buffer","data":"/4TP8XZvEC4EuqtTPKBnzWYBWCnBW2Ky+V47Wgh3Hnc="}},"KeHY9JYyb6dGbEquZ8XXEgcbYg55UGQedhtNadDS3PM=":{"valueMac":{"type":"Buffer","data":"YJb2TmbLjmI73YFM+96jGp6qe1ZeA/T4SB7OI5NQJVs="}},"KjaxRcpNfDu4GdRoVsWwWza7fmzOEB7/jH8lgp+Yy+E=":{"valueMac":{"type":"Buffer","data":"d18VjodatgqalcBcJc+EojF9ITJhRNCzaeTxyRoqSD4="}},"N/9PKZMTpuCVzNLqWgWiIk2I9ugOMkpIbCC4OboADps=":{"valueMac":{"type":"Buffer","data":"T9ayqYVXJ4Z+LQEk1ybOKFzQ2fY2moccWtTM5ux5SeE="}},"O64Sc3eWAtU2PZbJUG+fnOB+4Tk1j9cUlbs2w+izyu4=":{"valueMac":{"type":"Buffer","data":"FgQGPwGalrsI0/8w+NIhrtWKojsmgd4i6e2aWw+l8rI="}},"QkvoANnbgEeWwKjMujcnfy62zvKfsztMSDLbt8sqCyk=":{"valueMac":{"type":"Buffer","data":"i1bX4p6NV5KftYf6Rq/n1zl5V1WlYwNydCoXXQl+DWE="}},"Q1JBC96MQLeSBD4TjqWvJqCSIguDd5bIy0I6Cn8SNsw=":{"valueMac":{"type":"Buffer","data":"hMuzYVfx3ogm6Y/Icy3CH3panSI3PQEN0gO0MpC9OlE="}},"WYY6ioELTmL/9Elr/m+/1v0dEAoI16ANWRqT9JxEDUU=":{"valueMac":{"type":"Buffer","data":"Tl14YdyMkPAwkD4xErdSKXkQPUXA6I+vpr08rVKUJHo="}},"XDC8oqe6l8FIXf0QPzU6E8qvsbwiqP4jo/dOusKXuD4=":{"valueMac":{"type":"Buffer","data":"OEPzJDXIaEHFbTqwYY2W3kK7LU3PfFxh6FUPSj8jkqc="}},"YL9S9hUtmHiXfkxy6dwWBBfdbUbA5Km96povOnhF0LI=":{"valueMac":{"type":"Buffer","data":"/pUg6fxH8EOLD0m66vjCSmcxKtLdcXQ6YMb4v7HPhxs="}},"Zm43wgo/ma53pBE1uU6kcrGnSI2DHE0PDkPvWD/HzEk=":{"valueMac":{"type":"Buffer","data":"tU4ZST7dDjooTosHhVNsrkCBYoIyOluuySN1CkEJlLk="}},"aNKlCHzjTSwISvrZJLF6Sk4IgnGXnygLs/qurbOoGlM=":{"valueMac":{"type":"Buffer","data":"Ny4QC2C3MfCfbHykbcce4hX4+KzlPpOaio2RTgAW0cc="}},"ax55owzOEnv5zA/Be6tZBM2Lq2ss3aMxaE/CCWw8E3M=":{"valueMac":{"type":"Buffer","data":"V6EiPb7ru/fRZWZpZBBElbgHE9w00CsICOTHLDK7OwY="}},"c3k3Aw8wChrG/NSQ1JiYTIOwU9poQ4c6dYEEELAnD68=":{"valueMac":{"type":"Buffer","data":"Mvlw/Za1+4VSWsGRCET6IeErWzhTlEbpfY4hvE9BCQw="}},"dsWp987w0McWQUzDa3+QEXhTAvl3UuNKci5dorqFoXU=":{"valueMac":{"type":"Buffer","data":"WbYmMa6x3yj5ZCrccU/mTUI/cZXYj7LFtB7afV8rcYU="}},"fhYI5WZP10VyTLhnfz3cv34fgRu8Bb/T5Fs5sW2u/14=":{"valueMac":{"type":"Buffer","data":"QCtoI/ZCOvChx5A38dMngw6UUIr3Wvd2CsLC0ydiSdI="}},"mFWAYTP/NqWcqDiLUh6LGicBfNIy7dxSliQvuiCHlXs=":{"valueMac":{"type":"Buffer","data":"vO5+drTsyMwOqVf3nPfBjZjktNhsqe0N8seFGY621zE="}},"sQpvKkNVwoxRiepyQRzfBiAb9/cTduXGFKiSV57VpnY=":{"valueMac":{"type":"Buffer","data":"FHajQOa/S+d4zz6yOUaZTqRERgDYdVcFc4CxlWI5RDg="}},"sX48wrNPQjxGTUBdxoz2bsGFjEyfZkpiuTRpKukscok=":{"valueMac":{"type":"Buffer","data":"RNFpeNqZqJo/ABn2+eNbzTBeMfx9ORQULSWRPXmlx3A="}},"s/eoKxi4wddHSnUm87tvMpEI08BdhMmwsM6mm1uJoe4=":{"valueMac":{"type":"Buffer","data":"zGvDeWEZOkUR2aSSWpyr/EnjGuiajorhnOvwzluLI8I="}},"t5TXZ4ac5y3SUiYsCjmibV07Lor0GeFIBTSbarm8pKg=":{"valueMac":{"type":"Buffer","data":"InaLbSa4PCAGN3ibM4jZ6Q4AYojVr0MGlh0gZcK+RQw="}},"t8no2QjQnLUllUodrnkg0I+R58BDN7zOgShCV9kx++I=":{"valueMac":{"type":"Buffer","data":"o/TRevQQtp7giUDVlPrxgA25qHp26TS3sP19e+cIw4M="}},"uArN4oqvuGwQlkad9r6p0csA9Mz1r4YFbYqW3sgjHyk=":{"valueMac":{"type":"Buffer","data":"tMs/6fmxPSSvPjMFwQibxFRs9EFmInHWLEIeiK09Zgg="}},"wyqujHKuqP6HxDpA6AQ3u8UeMaeRPzfERqygMKYNGUI=":{"valueMac":{"type":"Buffer","data":"dMtf3fg5GBs8loXCCGduDsO/U6Ip85HCRIQtzX9WW/0="}},"x8f+9qPQhY9T0Uryrlc45GaQzCi3Dt+lfEAiIjjITQs=":{"valueMac":{"type":"Buffer","data":"GsO/LymTkdTUtIfajCAWXblPxLnhseR5IVcL55/oACE="}},"0zqjNypHEO8kDP2TdIu06Ypxxhszy6cfx5vwbEdX5Ms=":{"valueMac":{"type":"Buffer","data":"GcYkXr+iMGdnB38FzShKfDF5jo52iDbBrxTuYr4Kp2s="}},"4L2uOWkokxLpBGW4w7UAsIBC29FI6eh0ZDf1JoebEow=":{"valueMac":{"type":"Buffer","data":"Y43PkpoJ4NUg1hDTU0ys8pRMRM2bhuUvo8JmA5i9ykE="}},"6VvRc0cC3gsoqlLFHnog6N3rsarKIns0TSoWMb55Gtw=":{"valueMac":{"type":"Buffer","data":"3qbTvbdE0RARfk4xUQTaAnuXPkKPXGHJuDaw1ETikng="}},"60o2EEeRJIYLkfTNMlZqA8NlDAgMxMTL/6qDEza93UY=":{"valueMac":{"type":"Buffer","data":"JcxZBYDLuSapLSlEySgdjJBnWeqA2EqBRFKdpG63QC8="}},"8o1feduR1gJChqmY4pJrzspohhGLd9hxez10ap8Dg7Q=":{"valueMac":{"type":"Buffer","data":"iqJS9ncjzrayApd/dHUoM/klk/hQoUmsnEZSHcf9uzI="}}}}