{"version":3,"hash":{"type":"Buffer","data":"JNcMYaAmHZ+LBLb6roJ17zYfqK8vTm7OnF7zrn3J8FSOwYS+GqaTDVKKL+FfC8WAL6HVAM5ISBXkbYVZZV1Epph93fZDLn/W7IPEkhmrxHibdjRGI5dJ0LRo8NWkcCdmiRl4Rccdm5ciEUU4n6yIsZ+qyeRqqEnWd/eg9ZJwWiI="},"indexValueMap":{"FpnQikcKRpHWckU48c9d1kHXa2uYckCuuFTQ4uFiKnY=":{"valueMac":{"type":"Buffer","data":"v8ifAVBwgk0doq0BHVcolA2HXVh9/TrqwfVjU6KC04E="}},"LDcdaaixWdiYsrojKQYx03tAz3Q73PqEKIDk3CQoVSY=":{"valueMac":{"type":"Buffer","data":"oL2C0aK9VKaox0FnigbRWgDLxYLD9PgNsQFrrN8h6iw="}},"LMXeT7E40dt5aDFjdiLDpWGyohv3RhNZ97KRKgkmBE8=":{"valueMac":{"type":"Buffer","data":"ac7HJE12InpePyaFb8unsHnAb7TCIAtkczqct65vfo8="}},"PN/nY70f2cGJ/1tEgo0p+pOmukblAJwybtj4GJiV6pY=":{"valueMac":{"type":"Buffer","data":"nMwDsDZoZHA2HaxmWGr5u36gnYi7wDdt6JjaXxnnv0s="}},"eu+2/k+wmXaE3yaKB6EKPb8vFwb9jzemR7dXGZ/rouw=":{"valueMac":{"type":"Buffer","data":"fTVaHMIDIFYhgx5vSO3jWMgVqSaL0TzoM4mPh06miz8="}},"xTS46Fl9EKFKIxMXGT5Kmv4USwkf8JYYXMZtsoLP33k=":{"valueMac":{"type":"Buffer","data":"36F8tAFJlT9fnoeKrfv5K3NXmpBHZH7wlVx6mBqCx/s="}},"4qeEXz7pXj9HeZycJ+LxNeREl2oG6S/N03ISm8ZH8b0=":{"valueMac":{"type":"Buffer","data":"yoLuIfROKAEdQceaTzoh5Y5m+Ezf9mVSs3npv0z3hIE="}},"9Zn+aQwmDdS1dMBahjRbXHsGVqm4cjGzcywUcBIaAwY=":{"valueMac":{"type":"Buffer","data":"Z1rrmmk+WVNz73UtqBJ7WxD59jW6Tztms0BGMuQ9KH8="}}}}