{"noiseKey":{"private":{"type":"Buffer","data":"6O/NZyYiipH9h1XOf2YKhYCnrtP1XFfLlivGU8KBjUE="},"public":{"type":"Buffer","data":"m+VugVc0sIg2HGX7mFjXM5cRdIVPXlC9jsRX3Xq0RyU="}},"signedIdentityKey":{"private":{"type":"Buffer","data":"IFmS4cJcSgUosqOsds4LOvVyATzjirEC3hBFmMD4GkY="},"public":{"type":"Buffer","data":"N1kQfsn71Y2rxxZJQmi0S9WUEbE31vcrZQT4La53d18="}},"signedPreKey":{"keyPair":{"private":{"type":"Buffer","data":"MNTwVwf33uyzhNZ9lMOSZGKXCTcoCMJfN5ozBFiqdmk="},"public":{"type":"Buffer","data":"yqJ7WWkTPQV2+Rs6ogxJiRSqAblhhnDkUvQPRPOWKT0="}},"signature":{"type":"Buffer","data":"zvbqjG0JKydWAt0mYtPIYOkKVDjozVXi5Nz9Ys23kfI3O0sMFmiUrgqORApGlBAeh9EKaUoNdwtAyDFnToF9jg=="},"keyId":1},"registrationId":9,"advSecretKey":"XfdV0dkR96icumpsCgYwdKtYavNduCI/WUSC6wHcIls=","processedHistoryMessages":[{"key":{"remoteJid":"5512981612083@s.whatsapp.net","fromMe":true,"id":"EB4A2F0A89E1AC72F5611A98EC4DE30D"},"messageTimestamp":1665016435},{"key":{"remoteJid":"5512981612083@s.whatsapp.net","fromMe":true,"id":"F3042B43BC9552E72FEC327EA92FCFA5"},"messageTimestamp":1665016436},{"key":{"remoteJid":"5512981612083@s.whatsapp.net","fromMe":true,"id":"9D1CBE94D21126D0599E306D8D9D8D11"},"messageTimestamp":1665016465}],"nextPreKeyId":61,"firstUnuploadedPreKeyId":61,"accountSettings":{"unarchiveChats":false},"account":{"details":"CImRjg0Q2cT4mQYYBA==","accountSignatureKey":"3XiOE48J53BzVizsGI8PAl48WNJXqsAHXNUR/dH/HRs=","accountSignature":"zB5m9iJyj1aktrK2OFBYxcRlEO2JWBIBYhzqR4nR9+fQabU0ZRYJgcoVtU+h9wR2V+rgaxo0WSEjS8Km07cWBQ==","deviceSignature":"1eaAtyc+Jacj7LZQyV90FTChWh2g6wX1ncGOhKO+ydlqwUeGInxGSgaovPGSY8zzmu5vwMTSmFwwtfH68PWpjg=="},"me":{"id":"5512981612083:46@s.whatsapp.net","name":"ZHX TEAM BOT"},"signalIdentities":[{"identifier":{"name":"5512981612083:46@s.whatsapp.net","deviceId":0},"identifierKey":{"type":"Buffer","data":"Bd14jhOPCedwc1Ys7BiPDwJePFjSV6rAB1zVEf3R/x0b"}}],"platform":"smba","lastAccountSyncTimestamp":1665016517,"myAppStateKeyId":"AAAAAL3r"}