[{"senderKeyId":1174750806,"senderChainKey":{"iteration":1,"seed":"f6p/E2yQGFXWu1FYt0SaLbIAPLb/7+QuOdQeJuPDZtg="},"senderSigningKey":{"public":"BRt8Iis+jCkZTbQXrOuTrzBRWTbpvSrd9xj8p92n6ElO"},"senderMessageKeys":[]},{"senderKeyId":372068704,"senderChainKey":{"iteration":1,"seed":"BZ6L+FLehbgroF5n9PUyIvh3Ff1sCzdAHI+h9neipzk="},"senderSigningKey":{"public":"BXtq0CG545wf9tS9FQUQn16AXsxnkhbahLJeExZdUZMi"},"senderMessageKeys":[]},{"senderKeyId":2067644132,"senderChainKey":{"iteration":3,"seed":"YAy6UCZN0GOPMIbCtCcrCil7iD9Nz6jKpi6y+l47chc="},"senderSigningKey":{"public":"BTLk6Uzd6+ooeDt4xt9+BctRUvx7UvTCPxC/+07D7Nwv"},"senderMessageKeys":[]},{"senderKeyId":1258120187,"senderChainKey":{"iteration":1,"seed":"fbF/+kUlgnfMxIfCu5tIiD+Fe6n073fGPBjLIsvHNM4="},"senderSigningKey":{"public":"BRu61jtmMgSEkd/EA3Pukfar3+kHPIkTbrD1KlHtHK4n"},"senderMessageKeys":[]},{"senderKeyId":201797110,"senderChainKey":{"iteration":2,"seed":"w9P1l9T65Th7QoKWCHzYsAI+80M733lFrxBbVs2pxF8="},"senderSigningKey":{"public":"BYDPqgoUwoGMZQkzBG/IlP4SS2rF/93uNhbF3IgqmDU+"},"senderMessageKeys":[]},{"senderKeyId":100030813,"senderChainKey":{"iteration":1,"seed":"kpvrO9pDGsXSY+kumMmA+KK6Yg8EmGEYPrCLlEfMZnM="},"senderSigningKey":{"public":"BV3dBKE/+EctCucNNrPNWQpm9PWlBtsS0jxNACa6CY1B"},"senderMessageKeys":[]},{"senderKeyId":588443524,"senderChainKey":{"iteration":13,"seed":"wssjMrQx6BGgvM3k2tpaPVEHlBM678qUvIrWjJCl5b4="},"senderSigningKey":{"public":"BXw/K4zZ0u37asui+tKlawpCdMhu7tHTnkcUijQaqXkj"},"senderMessageKeys":[]},{"senderKeyId":465225101,"senderChainKey":{"iteration":1,"seed":"0lGPxW+Czamr8aIS6zsIisIta72PqcNchLEBhn+0FSE="},"senderSigningKey":{"public":"BTh9zDsvJ+AIoH+9neZ33VjYsMTl0f1l29Cp+BFiViI3"},"senderMessageKeys":[]},{"senderKeyId":64071729,"senderChainKey":{"iteration":17,"seed":"WfV7lE4GLONeVLxnMr1hNYD0hlYEywLX7B9mirrkAT8="},"senderSigningKey":{"public":"BWG7Wp56BicHckIJdogN09tK97tfyZEzSfb9w/Aqm2RK"},"senderMessageKeys":[]}]