[{"senderKeyId":1013879796,"senderChainKey":{"iteration":1,"seed":"1VyVEtN9Hv2O585UYlpWZFDFVzXj/5LUiruCVluoiik="},"senderSigningKey":{"public":"BS7UfaVh7DWO73iePU8N/yvdPjS5odFAEDFan5ge8JNv"},"senderMessageKeys":[]},{"senderKeyId":729632604,"senderChainKey":{"iteration":3,"seed":"03h53YearSHzp6Da+a2sHZ0ZpIzpW9W/XIZDt3bpu4Q="},"senderSigningKey":{"public":"BUzPA6uQdTfe+BY1DpAIrUL2AgRva6S1MN/rTzsDK8FU"},"senderMessageKeys":[]},{"senderKeyId":1343224148,"senderChainKey":{"iteration":3,"seed":"iLPzJ4jPxydoPziLWpdVenTTAfTRqEY+fTSb4RH83W8="},"senderSigningKey":{"public":"BS/oPfM0/vqYmIRGrg5kBo83n39n7Sr+4q/hR7MVyPVA"},"senderMessageKeys":[]},{"senderKeyId":1528347084,"senderChainKey":{"iteration":1,"seed":"XBu8EL1VCtLLcRQvlBvhLfg7UrNq0K9jlqwQUGG71+E="},"senderSigningKey":{"public":"BXQ9lKu6DC3MHXYGoFIhhSIjbl15EAyk1s+KDHY0DsFQ"},"senderMessageKeys":[]}]