[{"senderKeyId":1698744004,"senderChainKey":{"iteration":8,"seed":"TgupQf7zb9Yj8igvsOFeUgKcF2No6rPSXW81qJtemwk="},"senderSigningKey":{"public":"BT7NLSgGHGiJg67zIQYe+gZu8yKJqzIAyRhWy5FZA5wx"},"senderMessageKeys":[]},{"senderKeyId":678141955,"senderChainKey":{"iteration":1,"seed":"LxyOnTLw1hpeqfwTAleEq+EtCL9kWYuOIX4nKfnoVa0="},"senderSigningKey":{"public":"Bb9yfEkwtvXRcA7SqzmZ7zn4EWucj/UnWr7+gqTpYGJx"},"senderMessageKeys":[]},{"senderKeyId":541223915,"senderChainKey":{"iteration":4,"seed":"CNl/qAUPz/6nDl3NJyvNp/23pHPklCFYCQvEWf0zKMU="},"senderSigningKey":{"public":"BSCmjnscDF27qXqt4kGyfU0ouhARmNeaMyvXd4dXTrFu"},"senderMessageKeys":[]},{"senderKeyId":1441523822,"senderChainKey":{"iteration":6,"seed":"H6DtJnH7gKYZUqiDLRB+jXUh2m/GstohDmpXS1cZujg="},"senderSigningKey":{"public":"BbFcyMC/7abe2QwW3LWbqdMaQeToK/A6VcJHvkmoHNQ5"},"senderMessageKeys":[]},{"senderKeyId":1122993151,"senderChainKey":{"iteration":2,"seed":"qXsI6SwgiklKVfaqCd3FNzj9e6ML020LTb/E4PEwQQo="},"senderSigningKey":{"public":"Bf9N8GSD8yRRnvNSfDPpORL/zOivJ9LD04fXc5lG450c"},"senderMessageKeys":[]},{"senderKeyId":725644852,"senderChainKey":{"iteration":5,"seed":"/Xn+sEL12p6LmWfEnnOzgyESCCl+avjDWkSTXah1okU="},"senderSigningKey":{"public":"BR9jimEMGBDdFrAnpmrEWxdR24H1iKuMhhQH9yVjFfFZ"},"senderMessageKeys":[]},{"senderKeyId":228213796,"senderChainKey":{"iteration":1,"seed":"aeh5c8S2eyqh21nNfhRMYkyvLkHdQ3ckyPJ/BVtw7zc="},"senderSigningKey":{"public":"BcuS4Ez36idXNMaXm/eu8oZtns8RWw7LcQfMu11R7TE4"},"senderMessageKeys":[]},{"senderKeyId":942060054,"senderChainKey":{"iteration":3,"seed":"xvKujjS60AqNOmmGJ78McxEsLcEKbu59ela5OKX56yE="},"senderSigningKey":{"public":"BbErTr81bJylpsFsJJl+Q/JJqpJ4WBcQcF5vOd911OFK"},"senderMessageKeys":[]},{"senderKeyId":2029815465,"senderChainKey":{"iteration":1,"seed":"nKprXTemD0N8ELyjWS64nt0B5esDC4XPL/yGE0d6+MY="},"senderSigningKey":{"public":"BY5uq+iJsxYSmeEMJG5wypU8VgR2lDpffanBc7j9E4FZ"},"senderMessageKeys":[]},{"senderKeyId":1022795093,"senderChainKey":{"iteration":1,"seed":"gNxrxyUxcm+pABJHF/VGrU2s5CrpX6ansepqpQVdNUk="},"senderSigningKey":{"public":"BZPQRPUKK0jUKXeNxe5vgzuJc9XL3VMbH/XrKgYGds0k"},"senderMessageKeys":[]},{"senderKeyId":95141877,"senderChainKey":{"iteration":3,"seed":"rJwdIL+MYSeedKbb4DJ1Yb5VcNF7i2404zUCcVQN8EU="},"senderSigningKey":{"public":"BacWE2LvjO4PUlhXEnU7DkQStzfTJ5f+H1EqKlRWj1gz"},"senderMessageKeys":[]},{"senderKeyId":988522366,"senderChainKey":{"iteration":8,"seed":"4QVWi4ziEaY/dv713BCbeZ4EjjT0L4WkxWmQKA7A1QM="},"senderSigningKey":{"public":"Bet+hqBmKroDfXJqwLK5k7vAXd062VfIrJh3wdoMTsEM"},"senderMessageKeys":[]},{"senderKeyId":456038611,"senderChainKey":{"iteration":4,"seed":"/gytSLsAuekhWz2QvxrW6fne2qFIPCI5Icu5+1zSOkY="},"senderSigningKey":{"public":"Ba9cq9PykJ7wESwKCXBhLUMhvRWq4YbvVj4pDEJiFP5O"},"senderMessageKeys":[]},{"senderKeyId":1022489529,"senderChainKey":{"iteration":1,"seed":"g1iGC8M4Y818YyCVLZsW0WqeLta0/dnVJa3ydhqF7gY="},"senderSigningKey":{"public":"BWEJLxa6GZZXotxksu/HkeZ15Vl/K5uql++EtsSE+Vsa"},"senderMessageKeys":[]},{"senderKeyId":1746513176,"senderChainKey":{"iteration":13,"seed":"G1vEWFHGzv2TKPJqbuHDvMQSQvm/MuEoO+BSSIeZRW4="},"senderSigningKey":{"public":"BVgNJCBxEslK18iQbOMD9Ko9cf7/QqotVZZOWB/9ycwb"},"senderMessageKeys":[{}]},{"senderKeyId":2035699251,"senderChainKey":{"iteration":5,"seed":"scwMsQxnCuunRAk+HsANnZyjYvXzP8klZnO9r+y02h0="},"senderSigningKey":{"public":"BZMKKY8MX/7rPQ5n3KqOJiNun8Vpi9ljhoogj+Xzaq8V"},"senderMessageKeys":[]},{"senderKeyId":910887899,"senderChainKey":{"iteration":1,"seed":"p7qgYZcCz62k/X3aGS+ou9rUrCj8RXJU8+qr6Nv/jpU="},"senderSigningKey":{"public":"BR5wE5cPU84nJQnNQK5Gfc1oXXccZVAVZooxZbfg9pQc"},"senderMessageKeys":[]},{"senderKeyId":1185751087,"senderChainKey":{"iteration":18,"seed":"i9slD8DHA+1oFiuANc+m+k5Wh/zKqA0yC62auVw5g+w="},"senderSigningKey":{"public":"BXb1TodC1bHcF4HoylGIpDpTLPhJfooZ28W3myQi5BA9"},"senderMessageKeys":[]}]