[{"senderKeyId":1736726616,"senderChainKey":{"iteration":4,"seed":"SefPk1ooAO40wFxztiOh6ieq2uw73bMyL99Xh6mJnHY="},"senderSigningKey":{"public":"BRLOdu1ezr/f0K5/BsesXSAFsoaiC3UqFlG8MHG4uT8r"},"senderMessageKeys":[]},{"senderKeyId":1736726616,"senderChainKey":{"iteration":22,"seed":"M4PhtF2kZ1SbiHc2eOAuvavgwNQaRIWzhh5AYi42AHc="},"senderSigningKey":{"public":"BRLOdu1ezr/f0K5/BsesXSAFsoaiC3UqFlG8MHG4uT8r"},"senderMessageKeys":[]},{"senderKeyId":1736726616,"senderChainKey":{"iteration":29,"seed":"qreqoqCvMlMLVid1qBzYxYP0mCpr+ktbYTi42e0VU8k="},"senderSigningKey":{"public":"BRLOdu1ezr/f0K5/BsesXSAFsoaiC3UqFlG8MHG4uT8r"}}]