{"_sessions":{"BVbcdab2JrkjPaR0ft8tgiKD++dfEsAPpOh3J036+OkF":{"registrationId":480365606,"currentRatchet":{"ephemeralKeyPair":{"pubKey":"BWMzyOcyc43KjaCQH1OaJancN1qyTSxg4ZYdtD7f6Wdt","privKey":"ED6mwPIt8IFq1CU59sNg4ADLGHr2jQH2Q1GWg6TRe0c="},"lastRemoteEphemeralKey":"BVYEJZEJgxo8MXDAc2w6UZSBj+Gk06gM1WC51juWT4FQ","previousCounter":0,"rootKey":"Xhgpr/7bzG+jEtgO1CLfr54DXxT8IOZWKQ6jryS/GR8="},"indexInfo":{"baseKey":"BVbcdab2JrkjPaR0ft8tgiKD++dfEsAPpOh3J036+OkF","baseKeyType":1,"closed":-1,"used":1665017008998,"created":1665017008998,"remoteIdentityKey":"BWSRSklmx8VO3srb84ohNQdS8Fw/Gcd2GPZj7LcUkTEm"},"_chains":{"BWMzyOcyc43KjaCQH1OaJancN1qyTSxg4ZYdtD7f6Wdt":{"chainKey":{"counter":0,"key":"DJYYE109zF1NGxv8gRQZC5fLmSLax+8IwjM+OhZ8cSo="},"chainType":1,"messageKeys":{}}},"pendingPreKey":{"signedKeyId":2,"baseKey":"BVbcdab2JrkjPaR0ft8tgiKD++dfEsAPpOh3J036+OkF","preKeyId":4201142}}},"version":"v1"}