{"_sessions":{"BQ9YrLQElHM7YcXgMQRXlEcuACoIlfbeCWbjiamfZo88":{"registrationId":1891196323,"currentRatchet":{"ephemeralKeyPair":{"pubKey":"BdFwUt2RE33Add/zpzCk7AhUpOakJxnG8UN8pfKQtDp+","privKey":"gLxeYkPND4v5qdRGQ9Y3zEoDJMnfP2EG4F1yEihZ0Wk="},"lastRemoteEphemeralKey":"Bcr5QL+M84vfMph/YOlfNR2FUEMxWXxAlYO1Cr/9FxkD","previousCounter":0,"rootKey":"vINDRKyNK1xdCv3p1cdh6UGxqaN425IT0aueqPFW5CU="},"indexInfo":{"baseKey":"BQ9YrLQElHM7YcXgMQRXlEcuACoIlfbeCWbjiamfZo88","baseKeyType":1,"closed":-1,"used":1665025923911,"created":1665025923910,"remoteIdentityKey":"BTZRaqnc4/5fcryOPdpuV8wCNUl3ukyqlm9Mmh2U/FJw"},"_chains":{"BdFwUt2RE33Add/zpzCk7AhUpOakJxnG8UN8pfKQtDp+":{"chainKey":{"counter":0,"key":"1932LHLfK6iSohnYoNGybIuk1c5Z/b0EpQFhI7yczgg="},"chainType":1,"messageKeys":{}}},"pendingPreKey":{"signedKeyId":7,"baseKey":"BQ9YrLQElHM7YcXgMQRXlEcuACoIlfbeCWbjiamfZo88","preKeyId":9907130}}},"version":"v1"}