{"_sessions":{"BekWSq6qgdFZ89+xqck+NT3dcSMKwZNbEcZzsdT0kBV0":{"registrationId":1714363123,"currentRatchet":{"ephemeralKeyPair":{"pubKey":"BU6SVEnpT6rydxKWfaXU9kd6W498WhxzWjwHoJfFmxp0","privKey":"EHY6X95fFTOJRzl/PAl0KVa4RuFT8cXdr8NxIUWxtm4="},"lastRemoteEphemeralKey":"BfMksM1ZV8db6Nqidkt0pnspsn7YG+9E+FfSk638WEoL","previousCounter":0,"rootKey":"I+sEuEVsHB+N4ep3er8xIyDdmiU0LJBe9zZH5kvU86w="},"indexInfo":{"baseKey":"BekWSq6qgdFZ89+xqck+NT3dcSMKwZNbEcZzsdT0kBV0","baseKeyType":2,"closed":-1,"used":1665025919383,"created":1665025919383,"remoteIdentityKey":"BYhyILYYLsvdhwDaUG1mRj3sGGJEuN2DEcHJrHEqgBV6"},"_chains":{"BfMksM1ZV8db6Nqidkt0pnspsn7YG+9E+FfSk638WEoL":{"chainKey":{"counter":0,"key":"myBCFEdMxkfQRHisKYFOWd8UKV00LYQnzcABWCszmwE="},"chainType":2,"messageKeys":{}},"BU6SVEnpT6rydxKWfaXU9kd6W498WhxzWjwHoJfFmxp0":{"chainKey":{"counter":0,"key":"EtP9oC+kkb6TrAz/cIUw8UK50X1/H4vUT3M4vCa0BLc="},"chainType":1,"messageKeys":{}}}}},"version":"v1"}