{"_sessions":{"BZr+MRcU38gj4lP8yvB/vfWz4yctQNw/cgzr5jlRuKtS":{"registrationId":1358057503,"currentRatchet":{"ephemeralKeyPair":{"pubKey":"BT47/+dxPddPJBbRP1ng9c7IWrSiaunOM2T/7jW3fmh7","privKey":"gAJqVD7msY0Q4tIovPzs9Bma+FRJNPKnlvZdjcKlaGE="},"lastRemoteEphemeralKey":"Bcs2hgmKGIGHe5fciQgZPyVM4evj2Qli7UNPA3lAwsVU","previousCounter":0,"rootKey":"puINcFD0hWVYFWuf+2OHM8KRCf0rzqI9Ue3gNUuMRrI="},"indexInfo":{"baseKey":"BZr+MRcU38gj4lP8yvB/vfWz4yctQNw/cgzr5jlRuKtS","baseKeyType":2,"closed":-1,"used":1665021336876,"created":1665021336876,"remoteIdentityKey":"BWOnjdKKoYzgLQIEGJvj8ZQFqHixQ/i/cjNGhH+r/+1d"},"_chains":{"Bcs2hgmKGIGHe5fciQgZPyVM4evj2Qli7UNPA3lAwsVU":{"chainKey":{"counter":4,"key":"9WUpTq5oIO9MOPesJRwWlOi3FzV06wYGMEzOZ7bMguk="},"chainType":2,"messageKeys":{}},"BT47/+dxPddPJBbRP1ng9c7IWrSiaunOM2T/7jW3fmh7":{"chainKey":{"counter":-1,"key":"02bnXZl2olPT8RAFw+At8agTbzYPlA/zK4Ktl6628hQ="},"chainType":1,"messageKeys":{}}}}},"version":"v1"}