{"_sessions":{"BZtQK8gXu9RktA6161ooTQPz9qFN6AEMbPVIsp9IBbFh":{"registrationId":128355908,"currentRatchet":{"ephemeralKeyPair":{"pubKey":"BRWCHAfkLhVg+20CNkvSQ70TFlbQ/ih9tR5ASh8eiXsX","privKey":"mPdk2LSLymPt3ogzU5wOLWVV/wjrWiFpCFy3F/oU2nk="},"lastRemoteEphemeralKey":"BbpuD/sLz34qas2DMLR4lqw51GUgcet3dVAVa1X1lPYo","previousCounter":0,"rootKey":"kypcoi2SZRIAI1nszDdOOJVj6l198TIzaMahy2y3u+A="},"indexInfo":{"baseKey":"BZtQK8gXu9RktA6161ooTQPz9qFN6AEMbPVIsp9IBbFh","baseKeyType":2,"closed":-1,"used":1665025433209,"created":1665025433209,"remoteIdentityKey":"Bf8/iFBN3ZYlEP+7eQE6u8ZSNKM7zRKVfts4lJBjYLMQ"},"_chains":{"BbpuD/sLz34qas2DMLR4lqw51GUgcet3dVAVa1X1lPYo":{"chainKey":{"counter":0,"key":"yklhUBMV0s0iX2dONqYO9A2ztmHFZ3khXXqz5ZMaDWk="},"chainType":2,"messageKeys":{}},"BRWCHAfkLhVg+20CNkvSQ70TFlbQ/ih9tR5ASh8eiXsX":{"chainKey":{"counter":-1,"key":"rIsaj/U5wO9GzUm4DuC1OIudxcVfDdwjxaxYX4hmm9Q="},"chainType":1,"messageKeys":{}}}}},"version":"v1"}