{"_sessions":{"BeJF3NoQ3tFTUzMHKMq39sXJq/0gL5os47LAyA24j3ge":{"registrationId":569938231,"currentRatchet":{"ephemeralKeyPair":{"pubKey":"BSOgyMSkRvF/qRn5gLK6cLDuDSLsbRes7Pv8dYIcJdxj","privKey":"uFZw5QGpc+2VbQQohVuz0J1GbNAhrHaxPbxVLnlFon0="},"lastRemoteEphemeralKey":"BaCBNaiAoiRzVOXiDi0QXfUAdOdA08vswWSBxvYy03Ml","previousCounter":0,"rootKey":"hkPsmtiHXd5zKNtNLgVh0qDESzKsIdiNNVeXy/0VeZo="},"indexInfo":{"baseKey":"BeJF3NoQ3tFTUzMHKMq39sXJq/0gL5os47LAyA24j3ge","baseKeyType":1,"closed":-1,"used":1665017009922,"created":1665017009922,"remoteIdentityKey":"BW4O088TWC9LVHt2/sLSrA8AaPfR4bdP4379EVweFoF6"},"_chains":{"BSOgyMSkRvF/qRn5gLK6cLDuDSLsbRes7Pv8dYIcJdxj":{"chainKey":{"counter":0,"key":"BXdf+nq1wtIpGxMqUQgkyCwmHFfbguXdF0KamKMU2BU="},"chainType":1,"messageKeys":{}}},"pendingPreKey":{"signedKeyId":0,"baseKey":"BeJF3NoQ3tFTUzMHKMq39sXJq/0gL5os47LAyA24j3ge","preKeyId":12216209}}},"version":"v1"}