{"_sessions":{"BQuBt6oq3uQzRIaH1/ESfuCpmsboZD9oGcaPPFsC7bAv":{"registrationId":924964085,"currentRatchet":{"ephemeralKeyPair":{"pubKey":"BS52erBu5IOR55ZmFa5lsbjqa0dssFeMmHiUIstEkG9O","privKey":"QCi8Xp+bGCdGOD7L4E4O/ui7iDMr7bt2cnfdIbI/WHs="},"lastRemoteEphemeralKey":"BZJKY9MB5O9fg3PUlRHjT/qawawWlIrB4KV+fRf4+QI/","previousCounter":0,"rootKey":"WkNlHTELpJspNOVJ35WOGk2Vx7+O5JxU2ynpyPP5ndk="},"indexInfo":{"baseKey":"BQuBt6oq3uQzRIaH1/ESfuCpmsboZD9oGcaPPFsC7bAv","baseKeyType":1,"closed":-1,"used":1665017008950,"created":1665017008950,"remoteIdentityKey":"BTmkYhRW6eEgxw7DU+d3qz+CkIFNYXYhFL/NJ4ZIDQw7"},"_chains":{"BS52erBu5IOR55ZmFa5lsbjqa0dssFeMmHiUIstEkG9O":{"chainKey":{"counter":0,"key":"p8HR0sEbU9/KBdIU3nJcGCe/FUNwXwNW8YIVCWxPy6Q="},"chainType":1,"messageKeys":{}}},"pendingPreKey":{"signedKeyId":10,"baseKey":"BQuBt6oq3uQzRIaH1/ESfuCpmsboZD9oGcaPPFsC7bAv","preKeyId":11255571}}},"version":"v1"}