{"_sessions":{"BVHWoOlnp8RNSgO3JfdIiTseuJO1JH8VrIoOUFU/gIYD":{"registrationId":2088829310,"currentRatchet":{"ephemeralKeyPair":{"pubKey":"BXRq2tD5xnIdOJfZYqidGr9jyCBwt2iorBHADO13NbFF","privKey":"qCRUMk9u8hf6aP2R69B8wvmUe2OfOJ50/MLS2GZXa1c="},"lastRemoteEphemeralKey":"BfYX+Q4RNLVgURWQ8adGDR1gX1jzN7nMuKTULEz0xgpk","previousCounter":0,"rootKey":"w1+1iubuHt+lF/H3yB5HIsIaLoOTVrKGPOjni60YJF8="},"indexInfo":{"baseKey":"BVHWoOlnp8RNSgO3JfdIiTseuJO1JH8VrIoOUFU/gIYD","baseKeyType":1,"closed":-1,"used":1665017009875,"created":1665017009875,"remoteIdentityKey":"BTFjIhdmJKD0HrGRlMsTbijZ0R9K3kQ81HaSQU371e4Q"},"_chains":{"BXRq2tD5xnIdOJfZYqidGr9jyCBwt2iorBHADO13NbFF":{"chainKey":{"counter":0,"key":"tZFzVAYrvUz3CyaO96Owu2Gt/6t0Xi3OBaTSp6zVdQo="},"chainType":1,"messageKeys":{}}},"pendingPreKey":{"signedKeyId":2,"baseKey":"BVHWoOlnp8RNSgO3JfdIiTseuJO1JH8VrIoOUFU/gIYD","preKeyId":2410361}}},"version":"v1"}