{"_sessions":{"BWPXsCR1Br9UzgFfjOG1X69RfRKeB5GrsqbDyrMfavZw":{"registrationId":7,"currentRatchet":{"ephemeralKeyPair":{"pubKey":"BXnSZn3FgZXL3+NG/wCOqDmbvyNOGyweqzm6DtJamH4G","privKey":"ML9YYd6p5heQ12XhfkbGrpqd8Dggx9d4WJUvcfFBN0w="},"lastRemoteEphemeralKey":"BfN9JpigtkwnevTpMooQekjv8CX0nIzvfoNZM2ZEQPVx","previousCounter":0,"rootKey":"RNH2nHawIzh32X9xyfEysQrL6aRZmFG3+L3R3VAVoiM="},"indexInfo":{"baseKey":"BWPXsCR1Br9UzgFfjOG1X69RfRKeB5GrsqbDyrMfavZw","baseKeyType":1,"closed":1665016622469,"used":1665016590933,"created":1665016590933,"remoteIdentityKey":"BS0WgzwSqkQVDnAPUh6jWQWrCp8FrS1Sju/6u9gSzTgM"},"_chains":{"BXnSZn3FgZXL3+NG/wCOqDmbvyNOGyweqzm6DtJamH4G":{"chainKey":{"counter":0,"key":"Ko9SFB4iTX51P00mhAL/kWO3wG/yLrwnOdtG6lf7TMQ="},"chainType":1,"messageKeys":{}}},"pendingPreKey":{"signedKeyId":1,"baseKey":"BWPXsCR1Br9UzgFfjOG1X69RfRKeB5GrsqbDyrMfavZw","preKeyId":55}},"BVmmaEBv9zMmWRiX65QNItWh25vbuwLHyZHuFp7JQHtf":{"registrationId":7,"currentRatchet":{"ephemeralKeyPair":{"pubKey":"BbolNXWqyVLTADM5MUJ7T15o+Jd8+dIc7gigtax3XN5z","privKey":"SP0iaiGNsr1EARNch3M2tz4iILjO/7Zlvrf0/k5cuXY="},"lastRemoteEphemeralKey":"BfN9JpigtkwnevTpMooQekjv8CX0nIzvfoNZM2ZEQPVx","previousCounter":0,"rootKey":"X+J0EEJ44z5oZiAZfSKU5cEO03uLS50gwVCrrmGzsyM="},"indexInfo":{"baseKey":"BVmmaEBv9zMmWRiX65QNItWh25vbuwLHyZHuFp7JQHtf","baseKeyType":1,"closed":1665016684548,"used":1665016622430,"created":1665016622430,"remoteIdentityKey":"BS0WgzwSqkQVDnAPUh6jWQWrCp8FrS1Sju/6u9gSzTgM"},"_chains":{"BbolNXWqyVLTADM5MUJ7T15o+Jd8+dIc7gigtax3XN5z":{"chainKey":{"counter":-1,"key":"ZfYY9ryxU2/aaV/SSoK7v7bSiohsy/VjHp6m2DCHKfU="},"chainType":1,"messageKeys":{}}},"pendingPreKey":{"signedKeyId":1,"baseKey":"BVmmaEBv9zMmWRiX65QNItWh25vbuwLHyZHuFp7JQHtf","preKeyId":51}},"Baalgxnzl+WtuvfGyU73oRyXqcbB7vHsS2pNnrKxlsFH":{"registrationId":7,"currentRatchet":{"ephemeralKeyPair":{"pubKey":"BUpEs5QKox31dBfeWAl9EB5yuEX6ensAmRAOxnGuLq8E","privKey":"WGi9vKJPkyjTIMqaSkNwF+6OjhQmbogA4gdQOZSpQk8="},"lastRemoteEphemeralKey":"BXQtR2LfBMZaxUQAjz6gHcvlN1UN2RWrQNyHslGIrtJC","previousCounter":0,"rootKey":"VKBZWlYlpiul1Ih3lx7ufo0rMXzw4mWdZkXIINErTVc="},"indexInfo":{"baseKey":"Baalgxnzl+WtuvfGyU73oRyXqcbB7vHsS2pNnrKxlsFH","baseKeyType":2,"closed":1665016687532,"used":1665016684598,"created":1665016684598,"remoteIdentityKey":"BS0WgzwSqkQVDnAPUh6jWQWrCp8FrS1Sju/6u9gSzTgM"},"_chains":{"BXQtR2LfBMZaxUQAjz6gHcvlN1UN2RWrQNyHslGIrtJC":{"chainKey":{"counter":1,"key":"nGTPu8Y3IL5S12JfNj6r6+MPYxBvNkZb38xR9+KptQM="},"chainType":2,"messageKeys":{}},"BUpEs5QKox31dBfeWAl9EB5yuEX6ensAmRAOxnGuLq8E":{"chainKey":{"counter":-1,"key":"kl38VGjQIw5pKnSO9tsOPZZn70O28O+YfkI31PY4pqQ="},"chainType":1,"messageKeys":{}}}},"BVs9XB5eIVpVnB9DUCYDXSLHiLnN+6xAduzJ8U//xQBu":{"registrationId":7,"currentRatchet":{"ephemeralKeyPair":{"pubKey":"BY0mCjG0JV2QmGgarPL9Xs5/1IqjZH8fpLPMzhBdVHcY","privKey":"8E2OWbbUiksjvDoJf8AwxJTQsYUuMbKDxL5BgVY+Gk8="},"lastRemoteEphemeralKey":"BfN9JpigtkwnevTpMooQekjv8CX0nIzvfoNZM2ZEQPVx","previousCounter":0,"rootKey":"zEvI2steUZkvD7+gGoQbDLcovWyVEiq23B0x/MV0+rY="},"indexInfo":{"baseKey":"BVs9XB5eIVpVnB9DUCYDXSLHiLnN+6xAduzJ8U//xQBu","baseKeyType":1,"closed":1665016838418,"used":1665016687511,"created":1665016687511,"remoteIdentityKey":"BS0WgzwSqkQVDnAPUh6jWQWrCp8FrS1Sju/6u9gSzTgM"},"_chains":{"BY0mCjG0JV2QmGgarPL9Xs5/1IqjZH8fpLPMzhBdVHcY":{"chainKey":{"counter":-1,"key":"ANIKfsv6jDjp02hMf12T46tmbd6tmEvfI4UHWEk4ZNE="},"chainType":1,"messageKeys":{}}},"pendingPreKey":{"signedKeyId":1,"baseKey":"BVs9XB5eIVpVnB9DUCYDXSLHiLnN+6xAduzJ8U//xQBu","preKeyId":56}},"BZTciz3219fpI9MLqHSc43sTrXOXNcJl6dtw+rKpZFAZ":{"registrationId":7,"currentRatchet":{"ephemeralKeyPair":{"pubKey":"BTDdJ+3DcxUVXTVKOT444GK4fzKoBc0/IyX3kz2eRDNK","privKey":"yKqusZPxHQoAQo3vdzdhllF6b6eUpa2qDfCIiy/edHw="},"lastRemoteEphemeralKey":"BfN9JpigtkwnevTpMooQekjv8CX0nIzvfoNZM2ZEQPVx","previousCounter":0,"rootKey":"7ENOe8jNpm7Ghi3/cPf9BreFDU2RxLxxL09sW96PTB0="},"indexInfo":{"baseKey":"BZTciz3219fpI9MLqHSc43sTrXOXNcJl6dtw+rKpZFAZ","baseKeyType":1,"closed":1665016840722,"used":1665016838139,"created":1665016838139,"remoteIdentityKey":"BS0WgzwSqkQVDnAPUh6jWQWrCp8FrS1Sju/6u9gSzTgM"},"_chains":{"BTDdJ+3DcxUVXTVKOT444GK4fzKoBc0/IyX3kz2eRDNK":{"chainKey":{"counter":-1,"key":"WGS/QSz+fBj0wmdTyDDN6j2GufWUMcQJKy5SyzxwMzE="},"chainType":1,"messageKeys":{}}},"pendingPreKey":{"signedKeyId":1,"baseKey":"BZTciz3219fpI9MLqHSc43sTrXOXNcJl6dtw+rKpZFAZ","preKeyId":50}},"BQ1DjSIIGba1LBxqoSURcOOfF1c8baQ+WIA1Pq5K8yRt":{"registrationId":7,"currentRatchet":{"ephemeralKeyPair":{"pubKey":"BWcxirKrhDJ9V2xDXsmpUzTp/Y0b3BJbQn89KN8Nq+Qt","privKey":"kDrOpDkJcf7NyuNPiz8vsThwVEPBz6200GhCtNG9pWk="},"lastRemoteEphemeralKey":"BfN9JpigtkwnevTpMooQekjv8CX0nIzvfoNZM2ZEQPVx","previousCounter":0,"rootKey":"j0G3fL4QMzVjn4emi/ll/a1Py37EyZlh3X1/vNhnf/E="},"indexInfo":{"baseKey":"BQ1DjSIIGba1LBxqoSURcOOfF1c8baQ+WIA1Pq5K8yRt","baseKeyType":1,"closed":1665016841544,"used":1665016840683,"created":1665016840683,"remoteIdentityKey":"BS0WgzwSqkQVDnAPUh6jWQWrCp8FrS1Sju/6u9gSzTgM"},"_chains":{"BWcxirKrhDJ9V2xDXsmpUzTp/Y0b3BJbQn89KN8Nq+Qt":{"chainKey":{"counter":-1,"key":"HsOz2P3AcgUV45rX7QLSecTaJaCUEg+EcPgbKYCLNQQ="},"chainType":1,"messageKeys":{}}},"pendingPreKey":{"signedKeyId":1,"baseKey":"BQ1DjSIIGba1LBxqoSURcOOfF1c8baQ+WIA1Pq5K8yRt","preKeyId":67}},"BQrleCH09Ls3ElPk8N+DQYzwlPuALXSmH5j2GfmYrShi":{"registrationId":7,"currentRatchet":{"ephemeralKeyPair":{"pubKey":"Bdw558u0Mho3E5lmibM4BfhYqzqpHkwXkph5M84HTKIA","privKey":"0ESdN3EyniLIejvPyKcK79lrSG7arTdCIdDfixVQ8U8="},"lastRemoteEphemeralKey":"Bd2s0oY8thJ/eYxI05CuNLHugHZNqUwnoOMKArz/VXVS","previousCounter":0,"rootKey":"GUL/24Z6MOcbZo1ZpS+kCV3Wv/fo4TKbJ1UTnkJkkjc="},"indexInfo":{"baseKey":"BQrleCH09Ls3ElPk8N+DQYzwlPuALXSmH5j2GfmYrShi","baseKeyType":1,"closed":-1,"used":1665029959772,"created":1665016841509,"remoteIdentityKey":"BS0WgzwSqkQVDnAPUh6jWQWrCp8FrS1Sju/6u9gSzTgM"},"_chains":{"BR4fDd+eODlZ0JMLnJCOB4H5756cq1RsU6m0jGa3okEc":{"chainKey":{"counter":0},"chainType":2,"messageKeys":{}},"Bd2s0oY8thJ/eYxI05CuNLHugHZNqUwnoOMKArz/VXVS":{"chainKey":{"counter":0,"key":"yFaNt2c7qUeVtJS5YGfr5tmcBvRoPWrmk0zUP9DTzxU="},"chainType":2,"messageKeys":{}},"Bdw558u0Mho3E5lmibM4BfhYqzqpHkwXkph5M84HTKIA":{"chainKey":{"counter":0,"key":"oRIpyUfDRbUHSWCIwfVVyewFMz5Pe6BuuBtyBhcORCs="},"chainType":1,"messageKeys":{}}}}},"version":"v1"}