{"_sessions":{"Bbntm4zO7f6/lMjhaELUscRgnM8r7hCkTaAXxbrP3rhN":{"registrationId":541156961,"currentRatchet":{"ephemeralKeyPair":{"pubKey":"BY5wyn4kgYw7gM7N6bUlVslkFhy5kO1pEPIL7W9epRwW","privKey":"gAeZvWSLeP+g7384KtK9/I8wXVWBRNaVqriZ58ta23o="},"lastRemoteEphemeralKey":"Bc2V2ExT0U55y5L4sRq6jivRt7GKInOAv9Ej07ywjaIo","previousCounter":0,"rootKey":"45JQxGcnodH8kRmxPSzrBSEqT8m+c4kAf10k5xPMA0w="},"indexInfo":{"baseKey":"Bbntm4zO7f6/lMjhaELUscRgnM8r7hCkTaAXxbrP3rhN","baseKeyType":1,"closed":-1,"used":1665027845521,"created":1665025923851,"remoteIdentityKey":"BcbjjvOOfd/H2Vfq9dYJgWl/jzmBppx7sIu9uBX8F80x"},"_chains":{"Bc2V2ExT0U55y5L4sRq6jivRt7GKInOAv9Ej07ywjaIo":{"chainKey":{"counter":0,"key":"jaQ8wuQAnWkOwnbF61/cdm/L5YczZ853cPUS2dwB9RY="},"chainType":2,"messageKeys":{}},"BY5wyn4kgYw7gM7N6bUlVslkFhy5kO1pEPIL7W9epRwW":{"chainKey":{"counter":-1,"key":"nH2aRWQRwAS3/KOV2CF5Ahnru3TTjEtBUwPIgDC4uAo="},"chainType":1,"messageKeys":{}}}}},"version":"v1"}