{"_sessions":{"BetHukviEkKXHU3xkvelet8vEyxyv1Eu7kzzlfti6qh2":{"registrationId":586256238,"currentRatchet":{"ephemeralKeyPair":{"pubKey":"BXiCSPbaFY53r8xbTQE8+z4js5lJbkKJtQrvzj2HC2o8","privKey":"MHDSSwZaXkpxv1mPIwGCVZwwJAecGcyu+ggc1oGkMkQ="},"lastRemoteEphemeralKey":"BUKHyzU+p+xMc0Rkrj1jptfwvhXj6ofgvihh7Jj8OEFT","previousCounter":0,"rootKey":"7bn4XHa5lfiyPwtyty1WGyXM36ahC3s+0KlUlOagzHE="},"indexInfo":{"baseKey":"BetHukviEkKXHU3xkvelet8vEyxyv1Eu7kzzlfti6qh2","baseKeyType":1,"closed":-1,"used":1665025923967,"created":1665025923967,"remoteIdentityKey":"BXBU8VqQu0VTMy8Ew4k3Mh4ykeQX6W760txRauW1SM9j"},"_chains":{"BXiCSPbaFY53r8xbTQE8+z4js5lJbkKJtQrvzj2HC2o8":{"chainKey":{"counter":0,"key":"FJhEufGUyoqeyJKOeJ+KcAWSodTcDF2uiz8h9CrR51o="},"chainType":1,"messageKeys":{}}},"pendingPreKey":{"signedKeyId":4,"baseKey":"BetHukviEkKXHU3xkvelet8vEyxyv1Eu7kzzlfti6qh2","preKeyId":14574985}}},"version":"v1"}