{"_sessions":{"BaPfk0VSU1rGDSjbq4dX/T4kiGGggES0p/Nx9Kjy8e9Y":{"registrationId":522226943,"currentRatchet":{"ephemeralKeyPair":{"pubKey":"Bbz032UZsN0AurOf9N4zWDVsiuNiFLu1iCwIbgad13I1","privKey":"gGVV21cvSZFr8DbH1mRQ2oRmvfnrZL8iynJgWAmsz1U="},"lastRemoteEphemeralKey":"BeqZ5MUjjI4WKvWsXa4ISZ02htnkTjaWhmVXojrkD5Qq","previousCounter":0,"rootKey":"DjMY7ZG216rVX8bUCQQ/aUhc9wX/y3hAMCYqr7hzNtM="},"indexInfo":{"baseKey":"BaPfk0VSU1rGDSjbq4dX/T4kiGGggES0p/Nx9Kjy8e9Y","baseKeyType":1,"closed":-1,"used":1665017008028,"created":1665017008028,"remoteIdentityKey":"Be6z0hMF/lZ8qY3bhqkgMEOK5yAii63smR6uTLN59q5o"},"_chains":{"Bbz032UZsN0AurOf9N4zWDVsiuNiFLu1iCwIbgad13I1":{"chainKey":{"counter":0,"key":"V5Z9pwQhDa7U3jP+I3UUhqFRso3mSqBUE7EEp0Kc4g0="},"chainType":1,"messageKeys":{}}},"pendingPreKey":{"signedKeyId":26,"baseKey":"BaPfk0VSU1rGDSjbq4dX/T4kiGGggES0p/Nx9Kjy8e9Y","preKeyId":5709836}}},"version":"v1"}