{"_sessions":{"BZiKxvP4E9544UqV6bxO8oL/bzCrQsDS4sjXk89KTw1M":{"registrationId":1086566722,"currentRatchet":{"ephemeralKeyPair":{"pubKey":"BZRMwurALA/9sqfQ8cTJIWftjM6unMJhIcJ/UTsTSY8N","privKey":"ABnKzR1Qwf2RqzO/iwiVwkWwEb0ifzm+xBCczm5TelU="},"lastRemoteEphemeralKey":"BXgUjeseloNRdSmo8qnKQ2o8jVhydBCE+m+VMytnz5pn","previousCounter":0,"rootKey":"7mT2w3c873EH6slVPhlyC85jpTs2i4ZTgYwOoWNkwds="},"indexInfo":{"baseKey":"BZiKxvP4E9544UqV6bxO8oL/bzCrQsDS4sjXk89KTw1M","baseKeyType":1,"closed":-1,"used":1665017008078,"created":1665017008078,"remoteIdentityKey":"BfamDWHv5vFtXIRZpYeee4hbU0YkKOgKWZF0SHzZRog0"},"_chains":{"BZRMwurALA/9sqfQ8cTJIWftjM6unMJhIcJ/UTsTSY8N":{"chainKey":{"counter":0,"key":"tdCRVU4F68ue/b30X+ViyszD8TMgAKFeffM4qOk91D4="},"chainType":1,"messageKeys":{}}},"pendingPreKey":{"signedKeyId":6,"baseKey":"BZiKxvP4E9544UqV6bxO8oL/bzCrQsDS4sjXk89KTw1M","preKeyId":5373072}}},"version":"v1"}