{"_sessions":{"BfQOgakUkzw4zzAeLGZCmytUbNbshVhTU5Dye+XGZd00":{"registrationId":1218,"currentRatchet":{"ephemeralKeyPair":{"pubKey":"BY/IB2tWEohfWz9VsYCvllaDjkOE7+pvr5Rc0JXjuUZn","privKey":"cBwKwX2YD5cYwsRCbvK5MRZXDwpAK4MPpBh/jSav2Uc="},"lastRemoteEphemeralKey":"BRdJLa4ebII9JjR/ehe0CjwFrSbRiDoh3+jwMgIaRkY2","previousCounter":0,"rootKey":"tdltuPtBhJwYbn6q5kWv7gteLG4vOHKCLPnRWnnfpas="},"indexInfo":{"baseKey":"BfQOgakUkzw4zzAeLGZCmytUbNbshVhTU5Dye+XGZd00","baseKeyType":1,"closed":-1,"used":1665017007626,"created":1665017007626,"remoteIdentityKey":"BblbFwyATFIPvc1q+GKuM0sE6k+xE0X8pgE7d8AtPhpc"},"_chains":{"BY/IB2tWEohfWz9VsYCvllaDjkOE7+pvr5Rc0JXjuUZn":{"chainKey":{"counter":0,"key":"m8u6sUDMWlKntwivPo7171KPtvy0adWjFTMAaRyuEkE="},"chainType":1,"messageKeys":{}}},"pendingPreKey":{"signedKeyId":1,"baseKey":"BfQOgakUkzw4zzAeLGZCmytUbNbshVhTU5Dye+XGZd00","preKeyId":145}}},"version":"v1"}