{"_sessions":{"BRAQOfg2KSLpRaUbIg03xTLJ5oTToznAYb1xv8209r40":{"registrationId":88667856,"currentRatchet":{"ephemeralKeyPair":{"pubKey":"BRyMA7mIk/JATcH9U2YsSQ9CymmvCNvaGYUvF83hmkdc","privKey":"WNqhwMlOthpArsahy/L+MxHlxMPdRLudFu6CX/5ZDms="},"lastRemoteEphemeralKey":"BdHeXtajEqRyBD1xD8KXnPAxKbV1aiUl0VDiBPwIRbEN","previousCounter":0,"rootKey":"41/6Q8zbYi98/devkPoSyjp6cLBuq6J53rJG585PABs="},"indexInfo":{"baseKey":"BRAQOfg2KSLpRaUbIg03xTLJ5oTToznAYb1xv8209r40","baseKeyType":1,"closed":-1,"used":1665029708417,"created":1665017008807,"remoteIdentityKey":"BeUHxIRoENbfb516o6jpkCzNUwv4Fx3kAjOPQQJY3AcC"},"_chains":{"BS39oqPMRYGdhEoxzdNZE9gEXp2I9m1yye2mj1dnPQIt":{"chainKey":{"counter":4},"chainType":2,"messageKeys":{}},"BdHeXtajEqRyBD1xD8KXnPAxKbV1aiUl0VDiBPwIRbEN":{"chainKey":{"counter":3,"key":"mfoHqq/IEbi6inFdDosX0UJPevqth0glgeMur/GV3FI="},"chainType":2,"messageKeys":{}},"BRyMA7mIk/JATcH9U2YsSQ9CymmvCNvaGYUvF83hmkdc":{"chainKey":{"counter":-1,"key":"I4cYx1KNMsGpjw/0FGtqJ+nSogspg6s25h1eU99G5ZM="},"chainType":1,"messageKeys":{}}}}},"version":"v1"}