{"_sessions":{"BXisDR56/Jlb+904z4Z1lp4pYAWuIOD89QUSiKagyHpW":{"registrationId":2120352308,"currentRatchet":{"ephemeralKeyPair":{"pubKey":"BcXUsjsAZS00FWL61GeLsYepjDYZvqm/YLJp4/NjBrpL","privKey":"eC8dofL10JeWxXwnnfaNLG1pmpHRMs9IkVUmNjekYEM="},"lastRemoteEphemeralKey":"BcZ54hjmaJsl0pyhh+e5akfij6RHSjVkNiRVAHGWIHke","previousCounter":0,"rootKey":"2WDIfgky6e4MSl1Lftjg06Vksx0TN95Hk7lPqveMgBw="},"indexInfo":{"baseKey":"BXisDR56/Jlb+904z4Z1lp4pYAWuIOD89QUSiKagyHpW","baseKeyType":2,"closed":-1,"used":1665016554570,"created":1665016554570,"remoteIdentityKey":"BTIWzwIhO442r7tdSm3MljR9k1viQAd3qc+zx/vGWItY"},"_chains":{"BcZ54hjmaJsl0pyhh+e5akfij6RHSjVkNiRVAHGWIHke":{"chainKey":{"counter":0,"key":"NZV1A+Ie2cWMCT4M8PJa4K8Plo+b0v6AR14JbvdNNlY="},"chainType":2,"messageKeys":{}},"BcXUsjsAZS00FWL61GeLsYepjDYZvqm/YLJp4/NjBrpL":{"chainKey":{"counter":-1,"key":"D67NT6NY41VhAdxRwKr7XnjqmovqekILdYMm2e2To2s="},"chainType":1,"messageKeys":{}}}}},"version":"v1"}