{"_sessions":{"BaDEt2lFYeOYwSOyKMtQ6CH/KnB+VhdvD6k24w+LD8R+":{"registrationId":1186579935,"currentRatchet":{"ephemeralKeyPair":{"pubKey":"Baby8x1lHyYxdhBGdoV4fDE0gz4mu8SZ84bIQHNzrT1w","privKey":"UP95XTEBiQItQqk0GxFbbnA3XkRdHlcdbrz1YVswmnw="},"lastRemoteEphemeralKey":"BaSi7C2kbOBZkTylaKEjyvs96Y4wp+zBA4GJEo6zD/0i","previousCounter":0,"rootKey":"R44jAV6WTejPkRyA2lasR2paPt5KpRIJEmbK7tUhNZ4="},"indexInfo":{"baseKey":"BaDEt2lFYeOYwSOyKMtQ6CH/KnB+VhdvD6k24w+LD8R+","baseKeyType":1,"closed":-1,"used":1665025924396,"created":1665025924396,"remoteIdentityKey":"Bforkka44v153TK37Ao8w9naDW2Kl0jJIK8G4SDhUWkT"},"_chains":{"Baby8x1lHyYxdhBGdoV4fDE0gz4mu8SZ84bIQHNzrT1w":{"chainKey":{"counter":0,"key":"/V0C3242csLPWUhVM2AqR1Bt/bWrlJI/v+5VDw39YDw="},"chainType":1,"messageKeys":{}}},"pendingPreKey":{"signedKeyId":13516298,"baseKey":"BaDEt2lFYeOYwSOyKMtQ6CH/KnB+VhdvD6k24w+LD8R+","preKeyId":170}}},"version":"v1"}