{"_sessions":{"Bej7Z62aE9eYtCtNAx2BIHFofnT3pCcMBgKW+5rz13k/":{"registrationId":431816019,"currentRatchet":{"ephemeralKeyPair":{"pubKey":"BWLZORHMzMXzUgShNHL9tkK9aZn/LzLahhFyLjTOk6s3","privKey":"SNmA/wH06h78ymba84y+aPRxbK1b5ryjFyakQNJcM34="},"lastRemoteEphemeralKey":"BSaj+ES9DKDa4mf1yjBRGVpEaE275KfEgZ3Om6Dd6xYE","previousCounter":0,"rootKey":"ATUn5VcKiwzujZyMqJFWCcugedU0Iac1fkCj1ACBNns="},"indexInfo":{"baseKey":"Bej7Z62aE9eYtCtNAx2BIHFofnT3pCcMBgKW+5rz13k/","baseKeyType":2,"closed":-1,"used":1665019616340,"created":1665019616340,"remoteIdentityKey":"Ba5foYC4jeXglh/pRIgvNiR9x1zOZDcxYGkgo8RLpDVT"},"_chains":{"BSaj+ES9DKDa4mf1yjBRGVpEaE275KfEgZ3Om6Dd6xYE":{"chainKey":{"counter":0,"key":"HGybefM4sPvjY35E78epo0m+qomnslDW8BMUP1TJgbU="},"chainType":2,"messageKeys":{}},"BWLZORHMzMXzUgShNHL9tkK9aZn/LzLahhFyLjTOk6s3":{"chainKey":{"counter":-1,"key":"ut/lD0g1lr2RSn9eFZBWs5rTYOCFp4VdZamcfu+6gGc="},"chainType":1,"messageKeys":{}}}}},"version":"v1"}