{"_sessions":{"BVoucrZiV1jnXk29h7dPqteBcU/jEUqZZU2sxCV7+sc6":{"registrationId":1812806597,"currentRatchet":{"ephemeralKeyPair":{"pubKey":"BfYJdEJAhUij5hK1x2HeO4pdf9quGB8HoLnxuHk2Uf8q","privKey":"SKWQJhf0l/HkgHBa+vKGVgF3VsIKRwXNi1dmy1h8K1M="},"lastRemoteEphemeralKey":"BSEL3ogfA/GV0qrmeeSYZ37wlITqT6+iwM9cSuWsle5a","previousCounter":0,"rootKey":"L2j3svVQdbjoikH57KdQeAfVLp8NG0Zg6XABRRO0/tk="},"indexInfo":{"baseKey":"BVoucrZiV1jnXk29h7dPqteBcU/jEUqZZU2sxCV7+sc6","baseKeyType":1,"closed":-1,"used":1665018422464,"created":1665017009577,"remoteIdentityKey":"BfUYXX/jHsVXaYjSF+qdobePZVLh0aPVsJUUN1qH0h8R"},"_chains":{"BSEL3ogfA/GV0qrmeeSYZ37wlITqT6+iwM9cSuWsle5a":{"chainKey":{"counter":0,"key":"i0Wg0a9juP8QreGSkdTTz2c34ECnwesvGZ/X4qZaKI0="},"chainType":2,"messageKeys":{}},"BfYJdEJAhUij5hK1x2HeO4pdf9quGB8HoLnxuHk2Uf8q":{"chainKey":{"counter":-1,"key":"+hfP84usqt5m1HiPVHiGinWD88SLcYHJ7LIMBaq9lMs="},"chainType":1,"messageKeys":{}}}}},"version":"v1"}