{"_sessions":{"BWx/NhJAvTyy9vT+kiTZES/MiKioWWgHlagRcy5H4NR3":{"registrationId":1084129043,"currentRatchet":{"ephemeralKeyPair":{"pubKey":"BRDrmCJrFCKM+r4etOP9Gmv/2kWwtZaUpowFsULZ8Ykf","privKey":"YJ5ISqXwgMWQ7VuLfrWtN+ZpTgMLUEyphojai0q9kWs="},"lastRemoteEphemeralKey":"BUhaU2H06mUzsQUOwyrFDbbDXXA19q1i+xG34a+lVvs3","previousCounter":0,"rootKey":"dXxCOMJ7oFDjouQ+SesIdzkwUjIJSEIMAkRmTN1BBUs="},"indexInfo":{"baseKey":"BWx/NhJAvTyy9vT+kiTZES/MiKioWWgHlagRcy5H4NR3","baseKeyType":2,"closed":-1,"used":1665018115384,"created":1665018115384,"remoteIdentityKey":"BXa8xdNlkpMrXcjuLqRAf35zs3AHbzLN20h5xWHsavMg"},"_chains":{"BUhaU2H06mUzsQUOwyrFDbbDXXA19q1i+xG34a+lVvs3":{"chainKey":{"counter":0,"key":"Kc3QvvjzpQsQJAa/Huw73/yFDt5LF6oDH1s7rmKk8xk="},"chainType":2,"messageKeys":{}},"BRDrmCJrFCKM+r4etOP9Gmv/2kWwtZaUpowFsULZ8Ykf":{"chainKey":{"counter":-1,"key":"r9Zpk25AUDZMoNB9dRN0hlApoFpMmUlZcNcT1ZD8oTc="},"chainType":1,"messageKeys":{}}}}},"version":"v1"}