{"_sessions":{"BYQPWOxtVrWZRi9/ooABVds8y2MiV3npfzvFaIJGs9lE":{"registrationId":802656060,"currentRatchet":{"ephemeralKeyPair":{"pubKey":"Bd//CyPpeFHQZ73z/9lyWpaw4Kv0RFJx3tXD0/CV59lE","privKey":"aN1OebtegV8xRmcFfBi4n+LlKswMLj/oLOzqf4F8d28="},"lastRemoteEphemeralKey":"BbmfMkAnmxygEn/dCEjKP0cVQUxnsP+aPN02TRZy12gE","previousCounter":0,"rootKey":"lELJVgHK3GJfufBev/7X4/8pYEUKiv8hRM03vI1WF6o="},"indexInfo":{"baseKey":"BYQPWOxtVrWZRi9/ooABVds8y2MiV3npfzvFaIJGs9lE","baseKeyType":1,"closed":-1,"used":1665017009627,"created":1665017009627,"remoteIdentityKey":"BcJAk1z1OeiECvi55HCF4ZLHCWBOuQPj/yTxQtXLDlAr"},"_chains":{"Bd//CyPpeFHQZ73z/9lyWpaw4Kv0RFJx3tXD0/CV59lE":{"chainKey":{"counter":0,"key":"VsRuu2+fjw2XduoB7T8y/y/xerMGAKzLFsVN+go0RAo="},"chainType":1,"messageKeys":{}}},"pendingPreKey":{"signedKeyId":0,"baseKey":"BYQPWOxtVrWZRi9/ooABVds8y2MiV3npfzvFaIJGs9lE","preKeyId":9756476}}},"version":"v1"}