{"_sessions":{"BTE2TxtbQHIa4lp765+wN7Vur6HCRuIasjAeMLpC5OgH":{"registrationId":1671136018,"currentRatchet":{"ephemeralKeyPair":{"pubKey":"BW2mw6Wp04YvW5E8ds7NT/aIO8/X9xUf9cYnIQksPdxS","privKey":"aF9NOMPfoUCrEp6n7zQmO52vbPVy29kvasV42YRxC0A="},"lastRemoteEphemeralKey":"Ba4ElWupjEkHtlQKoXXHQuVJxAIdHs2gldTPJWzOy499","previousCounter":0,"rootKey":"qEmYeQnMNZJpaawg9hf9widRuQZiUFx5PRmfh9QVQJo="},"indexInfo":{"baseKey":"BTE2TxtbQHIa4lp765+wN7Vur6HCRuIasjAeMLpC5OgH","baseKeyType":2,"closed":-1,"used":1665019283773,"created":1665019283773,"remoteIdentityKey":"BcLvtJ/gshIWYTzmmdJud1l540XRvYVEhChqd9BZ5/IQ"},"_chains":{"Ba4ElWupjEkHtlQKoXXHQuVJxAIdHs2gldTPJWzOy499":{"chainKey":{"counter":2,"key":"Hmayh//MUb0tle3XjuDEgenWMnRtKoXZSmuZyYKPys8="},"chainType":2,"messageKeys":{"1":"34wemNQ9Auwf54hFFv3JJFWhgVEgR55RRIXGSH5kA3s="}},"BW2mw6Wp04YvW5E8ds7NT/aIO8/X9xUf9cYnIQksPdxS":{"chainKey":{"counter":-1,"key":"KJsklCjQpg1nasNcnzvFz/y/1M+1Dn/tS4G+jTVeI+Y="},"chainType":1,"messageKeys":{}}}}},"version":"v1"}