{"_sessions":{"BfThhvXHychkcfYS8QU5kIyyRTxbWb9stWRfGzTHoXFY":{"registrationId":1112468442,"currentRatchet":{"ephemeralKeyPair":{"pubKey":"BcQtxi6FSvG2J+dX18QwOxrm4K/hbBAekQa7UeAeBbhE","privKey":"oGB11X12Tu2VxEN2uNDXBpDjkpExXUCa5Vjyu0ddFWY="},"lastRemoteEphemeralKey":"BRY+EpMKjMPCHfzCBYBlutZcYlodnKCTH0dBujFWPi4S","previousCounter":0,"rootKey":"xGeR1+fFzQjY1qXtpgVCJUgEzZVmnTlVLPSQkt4MqVg="},"indexInfo":{"baseKey":"BfThhvXHychkcfYS8QU5kIyyRTxbWb9stWRfGzTHoXFY","baseKeyType":1,"closed":-1,"used":1665017008712,"created":1665017008712,"remoteIdentityKey":"BfU34/xLdzcubqQ2DscsCMznWaAIju60DPRUVrryxGBL"},"_chains":{"BcQtxi6FSvG2J+dX18QwOxrm4K/hbBAekQa7UeAeBbhE":{"chainKey":{"counter":0,"key":"WknhJIxyBT8hu07ni2V8NzuYhUIjh+lTfr1pKeqEJAg="},"chainType":1,"messageKeys":{}}},"pendingPreKey":{"signedKeyId":2,"baseKey":"BfThhvXHychkcfYS8QU5kIyyRTxbWb9stWRfGzTHoXFY","preKeyId":1954827}}},"version":"v1"}