{"_sessions":{"BXff9txSTZCtxbuOL1D+ayDCkeAcWDflZvq4xJ+MYihV":{"registrationId":2140929138,"currentRatchet":{"ephemeralKeyPair":{"pubKey":"BdifQF6o66r8vYEhBHAiuNKy/tEwR0tjWtUbsT92JOt2","privKey":"8FGcS/HI1jsJzUyZYt7LTWTKUs+Ha3HxTY1y7h/szHA="},"lastRemoteEphemeralKey":"BeEnqq42k1PnE1UCoYogon/DoJZR9+flJhPsCfvd4AZb","previousCounter":0,"rootKey":"nybA1gss7RdIh5fsAiKji2kyw753wEy+J/x/TZRxULM="},"indexInfo":{"baseKey":"BXff9txSTZCtxbuOL1D+ayDCkeAcWDflZvq4xJ+MYihV","baseKeyType":2,"closed":-1,"used":1665021184222,"created":1665021184222,"remoteIdentityKey":"BUk/Ummda2t95tfLjY2yetfcXivarfNfFTChnvzT/pEe"},"_chains":{"BeEnqq42k1PnE1UCoYogon/DoJZR9+flJhPsCfvd4AZb":{"chainKey":{"counter":0,"key":"SqFCklmtdGpo5ft1N2FaLHT2BiZs7PVeqJBmo0HrsR8="},"chainType":2,"messageKeys":{}},"BdifQF6o66r8vYEhBHAiuNKy/tEwR0tjWtUbsT92JOt2":{"chainKey":{"counter":-1,"key":"BQpjixDVM2CA3yED4ISq3d+Y9YqnEw10YqRT5gR/EGk="},"chainType":1,"messageKeys":{}}}}},"version":"v1"}