{"_sessions":{"BWIVqqJg2ViwdhGdTYO5ueLOpk513g+gy7Ftj4D5Bflt":{"registrationId":1079117539,"currentRatchet":{"ephemeralKeyPair":{"pubKey":"Bf3DT8cH9aue/NA4grtYRK63hdoQ4aAhCmAi7ALQMkAW","privKey":"oDEaN4pOnEFsTk1EMt22qn9zsKE223nwYODatCNLw0w="},"lastRemoteEphemeralKey":"BW+ITO920Mmrw2LjMxl1ZZHxXykUS6QvexpbF+FTBMRK","previousCounter":0,"rootKey":"OE7Q0qF+myKHk4bi0JLpyDaWHRcgkknVMTwDXG2GmHo="},"indexInfo":{"baseKey":"BWIVqqJg2ViwdhGdTYO5ueLOpk513g+gy7Ftj4D5Bflt","baseKeyType":1,"closed":-1,"used":1665025484942,"created":1665025484942,"remoteIdentityKey":"Ba3bI3r3bLvIUFaZ8dNTwZo+v4VFso/Qy5nNclk6mwZO"},"_chains":{"Bf3DT8cH9aue/NA4grtYRK63hdoQ4aAhCmAi7ALQMkAW":{"chainKey":{"counter":1,"key":"yO/YFz5DnxcjUupgYaT5/7Z0BBewyhg22kPoidebvQQ="},"chainType":1,"messageKeys":{}}},"pendingPreKey":{"signedKeyId":0,"baseKey":"BWIVqqJg2ViwdhGdTYO5ueLOpk513g+gy7Ftj4D5Bflt","preKeyId":12045946}}},"version":"v1"}