{"_sessions":{"BRVpB+/ifxAlyzO/2wRgJiuuSzCJ3FSHoW0YQDX+WQsM":{"registrationId":1592993725,"currentRatchet":{"ephemeralKeyPair":{"pubKey":"BQmLj/SstRAj/1oHCXPa/RiZBuL8LC1hwPMI7/Oc7wUA","privKey":"ALcetSrpJ4FTt4jQv7nvAotzzYTPjUVNjK4Ez/Z3jlc="},"lastRemoteEphemeralKey":"BexPMOs0wZI5+ZXw8qiFl4qjnDBrEVueUYwIQ1WceP8Y","previousCounter":0,"rootKey":"jN7pGsPnN/uklmRebneuBeuHxrgfUp9mTBoefePVBvk="},"indexInfo":{"baseKey":"BRVpB+/ifxAlyzO/2wRgJiuuSzCJ3FSHoW0YQDX+WQsM","baseKeyType":2,"closed":-1,"used":1665020805834,"created":1665020805834,"remoteIdentityKey":"BfmfkwEGTkKIAxxdjlyxP+W4BPcPS7WeYNehg/K6xBYh"},"_chains":{"BexPMOs0wZI5+ZXw8qiFl4qjnDBrEVueUYwIQ1WceP8Y":{"chainKey":{"counter":8,"key":"ITXPNDfW/5+qWr8VV7pBKzL/w02coeJR1hYqn4NPZB0="},"chainType":2,"messageKeys":{"7":"QRGa9Q8BrQR/M875js/YJSs/35odjo9KTuBTTq+6qlY="}},"BQmLj/SstRAj/1oHCXPa/RiZBuL8LC1hwPMI7/Oc7wUA":{"chainKey":{"counter":-1,"key":"pdXfptAZVD5TEx8qt8E4ZPGaSQxUgOayS5ZL8ZTtjSc="},"chainType":1,"messageKeys":{}}}}},"version":"v1"}