{"_sessions":{"BcwImm+b8tXCPNZatMXVIzGi4wZ+orIwntb3wSJuM5BZ":{"registrationId":278,"currentRatchet":{"ephemeralKeyPair":{"pubKey":"BQaoImEmGAuriN6Vd7Su1atC11jaKhJyY1ngr1hoD9M0","privKey":"EHEJl0d8o/8wROT6RZNz+27VnbN+e/AmzfCrIeLeq0s="},"lastRemoteEphemeralKey":"BeQfD3rBbyBp4NLZdOeANW+77ViZAl73CbRE+LEH8tV6","previousCounter":0,"rootKey":"C/H9iLdLXPnmsSK/pUlvKw5a0v6ETFfk6de2nBexFcU="},"indexInfo":{"baseKey":"BcwImm+b8tXCPNZatMXVIzGi4wZ+orIwntb3wSJuM5BZ","baseKeyType":1,"closed":-1,"used":1665029964929,"created":1665029964929,"remoteIdentityKey":"BRivgueblG5s6m3ndW5eqwDZz5cFFyrlW1wbCkVzBxZD"},"_chains":{"BQaoImEmGAuriN6Vd7Su1atC11jaKhJyY1ngr1hoD9M0":{"chainKey":{"counter":0,"key":"mtnENlXqx2+TwROPkmM2wSGcWhV/9rV7Iy/7NxYJiOo="},"chainType":1,"messageKeys":{}}},"pendingPreKey":{"signedKeyId":1,"baseKey":"BcwImm+b8tXCPNZatMXVIzGi4wZ+orIwntb3wSJuM5BZ","preKeyId":124}}},"version":"v1"}