{"_sessions":{"BaliDYe+FfFOIXLcheJtWV97k73cxLE3BfjZIQBDC4wz":{"registrationId":3229,"currentRatchet":{"ephemeralKeyPair":{"pubKey":"Bdb5N137GCIVgjqI981pnImr5pyB2fkBx+LH01U0DP9w","privKey":"qMhcYOzEfdh+nbC2/ygamdmhSW2sUqBh1U77/3PXNX8="},"lastRemoteEphemeralKey":"BR1KXdO5ci/8hfeYbtHzrqZGdEJ3lCcB4F8b2SIPvVkt","previousCounter":0,"rootKey":"xkemw7rc+CL3KvrcDUi4aqe7/QbUcOkPlrShSq+GpUI="},"indexInfo":{"baseKey":"BaliDYe+FfFOIXLcheJtWV97k73cxLE3BfjZIQBDC4wz","baseKeyType":1,"closed":-1,"used":1665017007726,"created":1665017007726,"remoteIdentityKey":"BZNFqwAJ3il66eYSXpJHWYFwAAAPQCIgh7llIxJeoc4V"},"_chains":{"Bdb5N137GCIVgjqI981pnImr5pyB2fkBx+LH01U0DP9w":{"chainKey":{"counter":0,"key":"MiLWsT0sPbbY18cAiOoa44Oh9Aa+OmkM1wHKHl/sG3w="},"chainType":1,"messageKeys":{}}},"pendingPreKey":{"signedKeyId":1,"baseKey":"BaliDYe+FfFOIXLcheJtWV97k73cxLE3BfjZIQBDC4wz"}}},"version":"v1"}