{"_sessions":{"BcCos+kIa+GnVNH51Ew0dMgNUWmGOfOfoSypoJmajBJW":{"registrationId":1764258728,"currentRatchet":{"ephemeralKeyPair":{"pubKey":"Bcm85agxogKYNSa3zVXL+wobwj+8KHodCfA6uG43VRU3","privKey":"oEO0rdHJPJfuPkf3+v3R5G1W5cNrJQE7b1yo8u0Vqkc="},"lastRemoteEphemeralKey":"BQ+R/QAdQuNcU7udos7Zoxblv119xZnVmtiLP++C3mE7","previousCounter":0,"rootKey":"qT2Z4oQ0RAPHQvzPDDKNgrlAI8iMPo+TGDxiWdS+3UY="},"indexInfo":{"baseKey":"BcCos+kIa+GnVNH51Ew0dMgNUWmGOfOfoSypoJmajBJW","baseKeyType":1,"closed":-1,"used":1665017649299,"created":1665017008901,"remoteIdentityKey":"BWHZubAN7kC9WYWo3rzdfjF/IwbVoP/OiBVYJ2xbPGhD"},"_chains":{"BQ+R/QAdQuNcU7udos7Zoxblv119xZnVmtiLP++C3mE7":{"chainKey":{"counter":0,"key":"V4VRg0avlTdow5iFZP1/loNe+9WiyveCazjLGlHN1OU="},"chainType":2,"messageKeys":{}},"Bcm85agxogKYNSa3zVXL+wobwj+8KHodCfA6uG43VRU3":{"chainKey":{"counter":-1,"key":"vI15P9aDagfvfEADPh1LdZSPauAhEtYqLdKfmPpFw0E="},"chainType":1,"messageKeys":{}}}}},"version":"v1"}