{"_sessions":{"BSj4diTcLJCOrLDubdJz2G6Xwb3yYFB74IvQMxH1R1l7":{"registrationId":1752841988,"currentRatchet":{"ephemeralKeyPair":{"pubKey":"BX3dR6AGkGCqkMMi4MEC1CXCE4ywbts/VFgRVFHDaA8F","privKey":"YOuel13RuceTXoA7QUkut1fMMkvJbgPldh6WX71M0nI="},"lastRemoteEphemeralKey":"BeU9nys8lnI88Klpf3ayFqm+M7yfMXdAEFspC7lWLzVZ","previousCounter":0,"rootKey":"lSr8CDXRdOlu2PfkfZsBkPC5qZY47b9QVxzIJDk1DCY="},"indexInfo":{"baseKey":"BSj4diTcLJCOrLDubdJz2G6Xwb3yYFB74IvQMxH1R1l7","baseKeyType":2,"closed":-1,"used":1665025433077,"created":1665025433077,"remoteIdentityKey":"BdRhK0uX808wxFqhOBxEsNmUDL0i24cHYQAJ5xXFoiQ8"},"_chains":{"BeU9nys8lnI88Klpf3ayFqm+M7yfMXdAEFspC7lWLzVZ":{"chainKey":{"counter":1,"key":"et4ew7TNoMmeGjwgFy9r+lZiBwkHpTT4lssaqwyRSyM="},"chainType":2,"messageKeys":{}},"BX3dR6AGkGCqkMMi4MEC1CXCE4ywbts/VFgRVFHDaA8F":{"chainKey":{"counter":-1,"key":"9q9VM/ss+FXz450YWf3uE6De6K1+9dkU1F8bB+Pl0RU="},"chainType":1,"messageKeys":{}}}}},"version":"v1"}