{"_sessions":{"BebklBg1u6UBBQJP5U9jyhdupU6FNf0E2v/nA5ACvhsP":{"registrationId":155522648,"currentRatchet":{"ephemeralKeyPair":{"pubKey":"BVuc+9bsBfoUhIMBLL5L5dDC9+4oECkgW388Q/oTsedN","privKey":"sOU5pV++xq7iiZrSqJLN/tQkCG1CCenqBzw3AIUM83s="},"lastRemoteEphemeralKey":"BXk5dafinjiQt8SpIqAwLj1mxFdvVY3RyuJ9bn0loL8I","previousCounter":0,"rootKey":"nOqAyyWcyhD8qds9yJhUGpIrboP18QZvv9yHk+HGCkg="},"indexInfo":{"baseKey":"BebklBg1u6UBBQJP5U9jyhdupU6FNf0E2v/nA5ACvhsP","baseKeyType":1,"closed":-1,"used":1665017009729,"created":1665017009729,"remoteIdentityKey":"Be2NnsDPVmKM5N95d+59EA5saBaVTJFZvSVQeGjTstI1"},"_chains":{"BVuc+9bsBfoUhIMBLL5L5dDC9+4oECkgW388Q/oTsedN":{"chainKey":{"counter":0,"key":"Tep7KUu/0ZnjAcCHY2fTTtJv9Hcl43ArZGOMnbCDOtc="},"chainType":1,"messageKeys":{}}},"pendingPreKey":{"signedKeyId":0,"baseKey":"BebklBg1u6UBBQJP5U9jyhdupU6FNf0E2v/nA5ACvhsP","preKeyId":1195244}}},"version":"v1"}