{"_sessions":{"Bat7XcVH2rDCZoCjHZU1DE8g3aqYhNtjfQcbzZ4i8kYy":{"registrationId":555041321,"currentRatchet":{"ephemeralKeyPair":{"pubKey":"Bch3GUPce/oGWZVo1Nf3OVGxFrCYwoWG98scK1P3JsE8","privKey":"kLQfOqLo13+ABRvx67O3cR0UZiuZMki3KAtSNISPgX4="},"lastRemoteEphemeralKey":"BbZ2aS3MavYT8hieDHH4zQPxT8zz+yP7WbO/1QGQkx8X","previousCounter":0,"rootKey":"3ICJYf7gY8t6oU1QRepkyFPsvKZyaaTIOWJ+XRqNvUw="},"indexInfo":{"baseKey":"Bat7XcVH2rDCZoCjHZU1DE8g3aqYhNtjfQcbzZ4i8kYy","baseKeyType":1,"closed":-1,"used":1665017009678,"created":1665017009678,"remoteIdentityKey":"BdWNsJGkXZx2baFijqSP/G40gv1dQHuBFKzszBGHLH48"},"_chains":{"Bch3GUPce/oGWZVo1Nf3OVGxFrCYwoWG98scK1P3JsE8":{"chainKey":{"counter":0,"key":"jupL+BDtIoiLGXZePLxOo9nVHu7/m7kSBIwRR6+8iIA="},"chainType":1,"messageKeys":{}}},"pendingPreKey":{"signedKeyId":44,"baseKey":"Bat7XcVH2rDCZoCjHZU1DE8g3aqYhNtjfQcbzZ4i8kYy","preKeyId":16226998}}},"version":"v1"}