{"_sessions":{"BUCqbBTvXcdfoZ+wWu866zBnEsNyDO1uGwjEoo06CsVo":{"registrationId":729510410,"currentRatchet":{"ephemeralKeyPair":{"pubKey":"BYTrR1pi6n8Yw75JvYcuYWKRL9MZj130uFwuGXgvly5Q","privKey":"SLd3oGxahNDHfddPgxYfBJOhkGn9y1huvrKTfdNSwHc="},"lastRemoteEphemeralKey":"BQFJmrLuibV0HJ+e2OwM/F/bgOt5OXUccCauu3djZNhN","previousCounter":0,"rootKey":"mt+DDGlrkqWwDb3fwTE6lGTEczEusY4my/hGIEQBdt4="},"indexInfo":{"baseKey":"BUCqbBTvXcdfoZ+wWu866zBnEsNyDO1uGwjEoo06CsVo","baseKeyType":1,"closed":-1,"used":1665025924075,"created":1665025924075,"remoteIdentityKey":"BSqes15FWB3yd8oWKcU6vgvbak903AgcFaifNnAqPddY"},"_chains":{"BYTrR1pi6n8Yw75JvYcuYWKRL9MZj130uFwuGXgvly5Q":{"chainKey":{"counter":0,"key":"OmPHrPNF5rw4tnBvm3qbzGtTh434Uzypy5BtoCxqf34="},"chainType":1,"messageKeys":{}}},"pendingPreKey":{"signedKeyId":3,"baseKey":"BUCqbBTvXcdfoZ+wWu866zBnEsNyDO1uGwjEoo06CsVo","preKeyId":5563703}}},"version":"v1"}