{"_sessions":{"BZoCz6aiDmKzaQ6d/YUZTWPBnlAM29jw7aO3WvWADms8":{"registrationId":217795038,"currentRatchet":{"ephemeralKeyPair":{"pubKey":"BQNaK5wGNM5+Vn8pQe6EFMe9cwSQT7HlrSXrn37qunAb","privKey":"yKhj3Kzhpep+0jJ7Ibg8+5J8UZM5QytzxpAS5mUKlnk="},"lastRemoteEphemeralKey":"BaOS+rkaR92SgjSbEQ4I2sqMRmBXSNKCR0Pi9xVMsdAp","previousCounter":0,"rootKey":"6gj9wrkaMMfTybc1MLl2Sfp9HkzcdpHKh7lt5KCSg2g="},"indexInfo":{"baseKey":"BZoCz6aiDmKzaQ6d/YUZTWPBnlAM29jw7aO3WvWADms8","baseKeyType":1,"closed":-1,"used":1665017163218,"created":1665017007979,"remoteIdentityKey":"BZAHhO/exzH4p7T9XgGoz2dLubSTp5h1XqhOI0IdVENE"},"_chains":{"BaOS+rkaR92SgjSbEQ4I2sqMRmBXSNKCR0Pi9xVMsdAp":{"chainKey":{"counter":0,"key":"8sOZgFk4zWHmDACrHfgBhUt9sPrBTS3mkds0BZWL6BQ="},"chainType":2,"messageKeys":{}},"BQNaK5wGNM5+Vn8pQe6EFMe9cwSQT7HlrSXrn37qunAb":{"chainKey":{"counter":0,"key":"OpwWDRSwIq40FysmT1YOcAWICC4+36O3BGtbJ4EzRcc="},"chainType":1,"messageKeys":{}}}}},"version":"v1"}