{"_sessions":{"BQok/SYVrBLRPB0dyOruzB9FPQD2uJzjh6JtmsJ28Qtm":{"registrationId":1160175708,"currentRatchet":{"ephemeralKeyPair":{"pubKey":"BZNpzrHYmGhM3G7pMe6Qwr1UHlRKV6mHWwJqijuVqo1t","privKey":"EMzo/5y3Xakp0Vj6ppm+6avH0NyN11ckGoT3junLJ1M="},"lastRemoteEphemeralKey":"BRU6nNBjCWyOb/3ryCdjeHDWCOVEcKjh+Gn5bqPhtMQ1","previousCounter":0,"rootKey":"/Uiv3A13s+BcsUVKYqluNo07X6AQbuMWvkIQskXwRLc="},"indexInfo":{"baseKey":"BQok/SYVrBLRPB0dyOruzB9FPQD2uJzjh6JtmsJ28Qtm","baseKeyType":1,"closed":-1,"used":1665017641058,"created":1665017009139,"remoteIdentityKey":"BR+jRnKmRm8Aj6T77QBH9z1syVfbNdcqOJXnWQcRfIwj"},"_chains":{"BRU6nNBjCWyOb/3ryCdjeHDWCOVEcKjh+Gn5bqPhtMQ1":{"chainKey":{"counter":0,"key":"/XMR7rqvg9tJXFFYkPvJyGpoqLszwau/s1KtpkC7fL0="},"chainType":2,"messageKeys":{}},"BZNpzrHYmGhM3G7pMe6Qwr1UHlRKV6mHWwJqijuVqo1t":{"chainKey":{"counter":-1,"key":"YspS9SCcC1giJwftnLzYPvmm72Z5zmOhr8AdDdyJRJw="},"chainType":1,"messageKeys":{}}}}},"version":"v1"}