{"_sessions":{"BfWkHNKJ0zGcFpWV2Og1Sl3yuKlbrJR/s02tNKqADB5e":{"registrationId":1377429614,"currentRatchet":{"ephemeralKeyPair":{"pubKey":"BaYaiPpWwtB4KxuzpCvLa7TeTE80Rkl52m8xDAeer8N5","privKey":"EMSSu+cZ+b12xhzCa48mVdhvD0fYBalE8vSP2uzZfng="},"lastRemoteEphemeralKey":"BXkeEU127o3zaH1HEJr4dejWiYtWWulWy3Sgrj8McpZn","previousCounter":0,"rootKey":"H6XiLLYMfLzwmB5q/t2H+I5YqWhWngg/HTu5p9Y8qTU="},"indexInfo":{"baseKey":"BfWkHNKJ0zGcFpWV2Og1Sl3yuKlbrJR/s02tNKqADB5e","baseKeyType":1,"closed":-1,"used":1665017008760,"created":1665017008760,"remoteIdentityKey":"BbAQ4Kipq2Ove17qXkVlNVt+dnDIWgeK9F6gJrZ6/QhT"},"_chains":{"BaYaiPpWwtB4KxuzpCvLa7TeTE80Rkl52m8xDAeer8N5":{"chainKey":{"counter":0,"key":"JeLe/Ag8QG/zI3RXNiITHcOhYoNAH2gXq1QNqfKdMcw="},"chainType":1,"messageKeys":{}}},"pendingPreKey":{"signedKeyId":34,"baseKey":"BfWkHNKJ0zGcFpWV2Og1Sl3yuKlbrJR/s02tNKqADB5e","preKeyId":6213636}}},"version":"v1"}