{"_sessions":{"BW8tW/uYgjZoIJikJ6NYQ+7/G2m1hhAavz+GVSAIRmN3":{"registrationId":322092289,"currentRatchet":{"ephemeralKeyPair":{"pubKey":"BWplNUAwN7nAnNRlFVElIxNR0hriPA56hicxiQgeI61O","privKey":"INPk4q1I9tyj0WmWXMNu0RcuUtF9Y9o6YFqD+PVQOWY="},"lastRemoteEphemeralKey":"BQBJUb5AzpUgT5ImMcsrZiv3276wA27rIUZTy6Y5U0FL","previousCounter":0,"rootKey":"Xv2eRJuwq8ruIt/+TygBC2HLwVA6dje5XJildIKPrqg="},"indexInfo":{"baseKey":"BW8tW/uYgjZoIJikJ6NYQ+7/G2m1hhAavz+GVSAIRmN3","baseKeyType":2,"closed":-1,"used":1665016543170,"created":1665016543170,"remoteIdentityKey":"BelZW3C6CTGK+kn8gltWYXyo8aCcA10GnyMS0Dd9hjhd"},"_chains":{"BQBJUb5AzpUgT5ImMcsrZiv3276wA27rIUZTy6Y5U0FL":{"chainKey":{"counter":0,"key":"uQZh7bZACqpYeTM4vzQuDUsTSLI3XtYnNTcoH6SDRJk="},"chainType":2,"messageKeys":{}},"BWplNUAwN7nAnNRlFVElIxNR0hriPA56hicxiQgeI61O":{"chainKey":{"counter":-1,"key":"bAPcrKb6zfOStcFMn4LqZSYn1/Y+FrPAagxDBOVW+Uc="},"chainType":1,"messageKeys":{}}}}},"version":"v1"}