{"_sessions":{"BZlUXaY9NMKnTyZRHat/hj+0tNxTTpqlLYx6wjsliHUo":{"registrationId":1845302925,"currentRatchet":{"ephemeralKeyPair":{"pubKey":"BaDDt7R7WbfQVQ9Angm0EIw4W8AAfvpeHVKLqmd7TAsx","privKey":"2Ezfhq1Hd6cThFXeLNKVM8rpbA0Bc59v3GrMZ/Sz6XY="},"lastRemoteEphemeralKey":"BZVLAvTyYEkBBTlZYE0pd/oMBq8wzW/pQFnkc/vfAiAg","previousCounter":0,"rootKey":"Oebh5bewb9X8LpphhXu9i0NtPHWi1HJVlZhmzmVJdO0="},"indexInfo":{"baseKey":"BZlUXaY9NMKnTyZRHat/hj+0tNxTTpqlLYx6wjsliHUo","baseKeyType":1,"closed":-1,"used":1665025924181,"created":1665025924181,"remoteIdentityKey":"Bf3Vr5d62zv1dWLGDl87jxhNvmLyj+BYYBpTHaL/4nFS"},"_chains":{"BaDDt7R7WbfQVQ9Angm0EIw4W8AAfvpeHVKLqmd7TAsx":{"chainKey":{"counter":0,"key":"lNOsE432nRs9Cu/YhUTtkmJpEC8py1jDIHinudC9bxE="},"chainType":1,"messageKeys":{}}},"pendingPreKey":{"signedKeyId":8,"baseKey":"BZlUXaY9NMKnTyZRHat/hj+0tNxTTpqlLYx6wjsliHUo","preKeyId":10432481}}},"version":"v1"}