{"_sessions":{"Bd3JwT78+/6LphjbuPMbRK0Lm0uR71s4uhSLWTGnf2NI":{"registrationId":497177297,"currentRatchet":{"ephemeralKeyPair":{"pubKey":"BVwuOpVeIDANuxWEbY5R/CVzHvXZ97w1GSY9ThQrzqEo","privKey":"IJbqfvcjSsV6G/vF/c6m8ATmM97oxGRWogNKlkbuGVU="},"lastRemoteEphemeralKey":"BRE/DXXiAJQzBdMDuYtCOujz8i5PLTMjMC3sDo0ZW2wr","previousCounter":0,"rootKey":"BxAdriAe/ld6B1pL4RJHcytFJ+Vffz2BZgoLt1A6R5U="},"indexInfo":{"baseKey":"Bd3JwT78+/6LphjbuPMbRK0Lm0uR71s4uhSLWTGnf2NI","baseKeyType":1,"closed":-1,"used":1665017008664,"created":1665017008664,"remoteIdentityKey":"BdWpkvTfB/iDZWU6WInnRbnOuTUxV9xhQ/epDp7S3DAT"},"_chains":{"BVwuOpVeIDANuxWEbY5R/CVzHvXZ97w1GSY9ThQrzqEo":{"chainKey":{"counter":0,"key":"yCDdwpzduJHBCoxzKgsgibkdB5jB+Wh99fUEpbNKyx0="},"chainType":1,"messageKeys":{}}},"pendingPreKey":{"signedKeyId":26,"baseKey":"Bd3JwT78+/6LphjbuPMbRK0Lm0uR71s4uhSLWTGnf2NI","preKeyId":716435}}},"version":"v1"}