{"_sessions":{"BZaBzzO8DMkvLyPbwb/xGA+ErFfSnzvHI039azRNxa8F":{"registrationId":791590255,"currentRatchet":{"ephemeralKeyPair":{"pubKey":"BXkXxtB6UjwkYGbJaUZ4t+W1zMGLPnIfGUt8xi2nn+U7","privKey":"aPdU/eX9wGu+JXIXN/wO1ApTGsCE7DJsyKxZoWsNfmU="},"lastRemoteEphemeralKey":"BZelnCbxwX5XOa+zQL13YyjAh5OPrYsYSvlmMDvURIQD","previousCounter":0,"rootKey":"Yr/YCjXXM66H8O15jTLioHvd3LqV2m2uuy2lKsly8Z8="},"indexInfo":{"baseKey":"BZaBzzO8DMkvLyPbwb/xGA+ErFfSnzvHI039azRNxa8F","baseKeyType":1,"closed":-1,"used":1665025433003,"created":1665017008518,"remoteIdentityKey":"BUkAleDUjj867qGFZQJmIIAOvecH4OXJLnfGGpwtzMBA"},"_chains":{"BZelnCbxwX5XOa+zQL13YyjAh5OPrYsYSvlmMDvURIQD":{"chainKey":{"counter":1,"key":"t9x5sFzFohyq1TqRqnC5q7zOd3yfhvglDywzN8UY4l8="},"chainType":2,"messageKeys":{}},"BXkXxtB6UjwkYGbJaUZ4t+W1zMGLPnIfGUt8xi2nn+U7":{"chainKey":{"counter":-1,"key":"L6yE4EoDd9d6pklyTJFRCPS1idwcd94nTHnAniagU7E="},"chainType":1,"messageKeys":{}}}}},"version":"v1"}