{"_sessions":{"BWTD160DYAq0eI1rc8RTzY7F7Zo24J/NSZ223H4Lksxh":{"registrationId":981682330,"currentRatchet":{"ephemeralKeyPair":{"pubKey":"BY6sISBx9wmrFBC3WUK6iRYmiO5PDoEA2IaLxfGOAG1g","privKey":"sLQKT9V2L73YkjEVMt4XPFO85jcnDFz0x7X8HH5Clnc="},"lastRemoteEphemeralKey":"BXE4FqtdWSblL+QttDIfsEYBn72t9JzZThN+XGxd858U","previousCounter":0,"rootKey":"Kkg45+qOMELVv/YZrLT1gc6eL80zBiKEzQ6ATUrAFoQ="},"indexInfo":{"baseKey":"BWTD160DYAq0eI1rc8RTzY7F7Zo24J/NSZ223H4Lksxh","baseKeyType":1,"closed":-1,"used":1665025433010,"created":1665017009827,"remoteIdentityKey":"BYuDxvnHi/PEWuVO/Lnt0b6wdm6znKTzCgDZDp0TSUo1"},"_chains":{"BXE4FqtdWSblL+QttDIfsEYBn72t9JzZThN+XGxd858U":{"chainKey":{"counter":16,"key":"UIb+WjoIWi5uRagA0SPjFINzeKwclOtlNvTPsDFza/Y="},"chainType":2,"messageKeys":{}},"BY6sISBx9wmrFBC3WUK6iRYmiO5PDoEA2IaLxfGOAG1g":{"chainKey":{"counter":-1,"key":"mbUg4QgjiR66EQRorFSZf3Ej9Bbh/SmmQ1RwI5pyg3c="},"chainType":1,"messageKeys":{}}}}},"version":"v1"}