{"_sessions":{"BZU06io3G75OqfSUx1ZRYWidIzovf4nUDvHkvpihEEN4":{"registrationId":1340371971,"currentRatchet":{"ephemeralKeyPair":{"pubKey":"BZmz2Ei6MSCGZatUsR4zmj88Pk53PmGM9PZSosGtGNMd","privKey":"+PtbjVS1bishB7k4iTw6v5IHk3pCV5JDgiGGfIp/bUQ="},"lastRemoteEphemeralKey":"BdDBlkWzpXz3nh4KylmxXpm+VjgAUSVx0Z6b1XuP+O1p","previousCounter":0,"rootKey":"as9zpg6HoUriutx/mAeC2SzYHYZnyocqZfLl6cBI8QE="},"indexInfo":{"baseKey":"BZU06io3G75OqfSUx1ZRYWidIzovf4nUDvHkvpihEEN4","baseKeyType":1,"closed":-1,"used":1665025455638,"created":1665017008855,"remoteIdentityKey":"BU8ssNomGkR+D1bm3v5xXJPr/X2tX7ttfvsTzvl6ZGxY"},"_chains":{"BdDBlkWzpXz3nh4KylmxXpm+VjgAUSVx0Z6b1XuP+O1p":{"chainKey":{"counter":5,"key":"SYoer8NqhyZEBp+yOD994lxjj1IHnOiO8VyeFJOzitI="},"chainType":2,"messageKeys":{}},"BZmz2Ei6MSCGZatUsR4zmj88Pk53PmGM9PZSosGtGNMd":{"chainKey":{"counter":-1,"key":"48wn+BhE/77Z1i218zmDiFQqTVITZOZxVbvyFCs9Kr8="},"chainType":1,"messageKeys":{}}}}},"version":"v1"}