{"_sessions":{"BTGecrOazYtPAqDHLAv3pTlHl05gfIQ77R5uB/CbXM0C":{"registrationId":1579809572,"currentRatchet":{"ephemeralKeyPair":{"pubKey":"BQ9lyuoNtWuv6noTQKtBa98g7fX90NrwmS4xTSQy1CR7","privKey":"UFSXSa32nO4L6auima8YXcGCKNfatzsYHC1i/YXBqmI="},"lastRemoteEphemeralKey":"Bez70J9x5XSSRTy3IoHrjXzYbo/L68tMKfQ/CawBffpW","previousCounter":0,"rootKey":"2r5FSEvEAWVQHNOaGaYE+ePjzZ1Pb1Q2FYMS23Ws2Vc="},"indexInfo":{"baseKey":"BTGecrOazYtPAqDHLAv3pTlHl05gfIQ77R5uB/CbXM0C","baseKeyType":1,"closed":-1,"used":1665017008270,"created":1665017008270,"remoteIdentityKey":"BXwbTUzkuVrbqxlcQS4DqvTVIq+LMn4X/iW8RW6+7fpG"},"_chains":{"BQ9lyuoNtWuv6noTQKtBa98g7fX90NrwmS4xTSQy1CR7":{"chainKey":{"counter":0,"key":"sD57mPnbBZ5KH3QodI9MO0QXpLUsUizYO9JfaoGxJDI="},"chainType":1,"messageKeys":{}}},"pendingPreKey":{"signedKeyId":12,"baseKey":"BTGecrOazYtPAqDHLAv3pTlHl05gfIQ77R5uB/CbXM0C","preKeyId":13077837}}},"version":"v1"}