{"_sessions":{"BQbIYvk2m9QJeFnzDGHQDNeQ3Ymjd35xnwUKyFXu9Ikj":{"registrationId":730428039,"currentRatchet":{"ephemeralKeyPair":{"pubKey":"BQ5MveFnDrAFjdZeMkuztvkSamU5muI77HRQSYi06ccK","privKey":"sNSjsBHe0mkCvZEHTcAsLsfXk/ZG3gBUykGEINI9710="},"lastRemoteEphemeralKey":"BWibdrQuIfT+noPcMjkdj6r/8adMZD+XjtYt+z2TXF93","previousCounter":0,"rootKey":"do/IGdEQq2xLCyZzbtjmmU9JwmlZLqqSr2HbJbG/QWw="},"indexInfo":{"baseKey":"BQbIYvk2m9QJeFnzDGHQDNeQ3Ymjd35xnwUKyFXu9Ikj","baseKeyType":1,"closed":-1,"used":1665017008567,"created":1665017008567,"remoteIdentityKey":"BQv9gq8Gi/FjVfTXk3Ri43Q1350IwFUdHE3M5yBYmGQs"},"_chains":{"BQ5MveFnDrAFjdZeMkuztvkSamU5muI77HRQSYi06ccK":{"chainKey":{"counter":0,"key":"vcy0HDZ6aA8q7Qzhnpta9139ZHhdwcE9bcBbzpViRlI="},"chainType":1,"messageKeys":{}}},"pendingPreKey":{"signedKeyId":0,"baseKey":"BQbIYvk2m9QJeFnzDGHQDNeQ3Ymjd35xnwUKyFXu9Ikj","preKeyId":13709491}}},"version":"v1"}