{"_sessions":{"BZViiwJ+M0wxoIYnDkNbAq5KUWsjHUbDx1nHD0xLBL0m":{"registrationId":87328512,"currentRatchet":{"ephemeralKeyPair":{"pubKey":"Benyr+vNQ6JZ/eJALqd0gV1nIaBgL1j4N9bXjUpTcuo2","privKey":"CHJJ+L0JN7Xy27AB1xjfuXxdpYH7NIctY+9W7E8EPFY="},"lastRemoteEphemeralKey":"BaB8NVjvR55F1U+0c59jgI3KELYz7aaWwsTgr6TvUpMa","previousCounter":0,"rootKey":"IEh1tHXQ47duLiFsZBS/x4GUIZUU/wFS3w9iVnm3uMI="},"indexInfo":{"baseKey":"BZViiwJ+M0wxoIYnDkNbAq5KUWsjHUbDx1nHD0xLBL0m","baseKeyType":1,"closed":-1,"used":1665016590986,"created":1665016590986,"remoteIdentityKey":"BQa8XWEdXE9zYJAau5LDxTgRBUXTuzrJitQa2K35034e"},"_chains":{"Benyr+vNQ6JZ/eJALqd0gV1nIaBgL1j4N9bXjUpTcuo2":{"chainKey":{"counter":3,"key":"ybZ6OGRqcVPMSfP5dBBbGb1gmVE4zCAStbIwdhj2cEk="},"chainType":1,"messageKeys":{}}},"pendingPreKey":{"signedKeyId":4,"baseKey":"BZViiwJ+M0wxoIYnDkNbAq5KUWsjHUbDx1nHD0xLBL0m","preKeyId":6690892}}},"version":"v1"}