{"_sessions":{"Bb2lKGalBfrjqJskHEiHbZem/troXF+T5Bzk6PLrqYIu":{"registrationId":6628,"currentRatchet":{"ephemeralKeyPair":{"pubKey":"BStNuLv20xj9OjLFCUABaFfU9nXMVi2LLuWUZICoADUU","privKey":"0CPPf9zaC1kvCZNWqIrKAjMH8t6xXDKIzvZk0LxuAGo="},"lastRemoteEphemeralKey":"Bb8zW1i1tkKghjL+P9ZTj4++cD69+6UnxpFYLYS9BCNd","previousCounter":0,"rootKey":"uAdIcKdPteK8m5Pf+/B/QB9DLXZhvVVulwCJofzLEoU="},"indexInfo":{"baseKey":"Bb2lKGalBfrjqJskHEiHbZem/troXF+T5Bzk6PLrqYIu","baseKeyType":1,"closed":-1,"used":1665017007680,"created":1665017007680,"remoteIdentityKey":"BX7YHvM4z8MhYYo3RDb7P2UNou5g2wMmfWkgvFLucDNE"},"_chains":{"BStNuLv20xj9OjLFCUABaFfU9nXMVi2LLuWUZICoADUU":{"chainKey":{"counter":0,"key":"h4Hg6I0TDcwqX7iaKxfKFwvb58PyzpOkEQb7KzMFp8s="},"chainType":1,"messageKeys":{}}},"pendingPreKey":{"signedKeyId":1,"baseKey":"Bb2lKGalBfrjqJskHEiHbZem/troXF+T5Bzk6PLrqYIu","preKeyId":189}}},"version":"v1"}