{"_sessions":{"BXsEYQ8Bng2XxSrdFTnlwvxBuG7LoMrRS30BZzmUmMtg":{"registrationId":675028233,"currentRatchet":{"ephemeralKeyPair":{"pubKey":"BasN073T7aVpddvyWUoJZfT5TaeVJ4KhaXMvxf0PiD8D","privKey":"MIHX8nDyMwnqTTqqo8Bv32IeTMZGS4zM1WzKMPBBhms="},"lastRemoteEphemeralKey":"BTQKBW0nu+bbETRgSwR2AMSm62x4jE0pivTX7gEbKxsL","previousCounter":0,"rootKey":"0DWPXLyI1dywVzoQvR6kf4CEnuWVFE4oLaj2MWdhC6Y="},"indexInfo":{"baseKey":"BXsEYQ8Bng2XxSrdFTnlwvxBuG7LoMrRS30BZzmUmMtg","baseKeyType":1,"closed":-1,"used":1665025924128,"created":1665025924128,"remoteIdentityKey":"BWvjuLOrdGSnpw5NM7li03kXGD7lStDF6kkMrTsBGHBJ"},"_chains":{"BasN073T7aVpddvyWUoJZfT5TaeVJ4KhaXMvxf0PiD8D":{"chainKey":{"counter":0,"key":"1oSuaasm6r4XRv9YZ0fUAKvGd8Va8ToSEvUhqm6QPQo="},"chainType":1,"messageKeys":{}}},"pendingPreKey":{"signedKeyId":20,"baseKey":"BXsEYQ8Bng2XxSrdFTnlwvxBuG7LoMrRS30BZzmUmMtg","preKeyId":6437102}}},"version":"v1"}