{"_sessions":{"BQEXLxZPZRZOklqcq7MzT8EjNK5+5l7roejzpLgTfJpl":{"registrationId":256921498,"currentRatchet":{"ephemeralKeyPair":{"pubKey":"BbfgGM9U6zXEOCdj+sEtjo3oVCLPrsfDIbk5JEM3RjJJ","privKey":"sIWoCJhEFHgkeXx0z44vWTORNqfBvIlhl7FC01HE3nY="},"lastRemoteEphemeralKey":"BT9Dg2Z6SJXENSGlG16lj1QfMiggDOGl7Ow1xhRG29Nw","previousCounter":0,"rootKey":"PG0UmZV5iYT2yDdRBA1/JEuu8bDMGsR1ajS5b15XPSY="},"indexInfo":{"baseKey":"BQEXLxZPZRZOklqcq7MzT8EjNK5+5l7roejzpLgTfJpl","baseKeyType":1,"closed":-1,"used":1665017008173,"created":1665017008173,"remoteIdentityKey":"BXyYy6Pb75IVRRqPSMjXggDBThytjP5pLUqdj2DLvsNa"},"_chains":{"BbfgGM9U6zXEOCdj+sEtjo3oVCLPrsfDIbk5JEM3RjJJ":{"chainKey":{"counter":0,"key":"nj++hq5mfuitgsFv6PCBr0VGnD25kft7xhutjkgY8KM="},"chainType":1,"messageKeys":{}}},"pendingPreKey":{"signedKeyId":1,"baseKey":"BQEXLxZPZRZOklqcq7MzT8EjNK5+5l7roejzpLgTfJpl","preKeyId":5149609}}},"version":"v1"}