{"_sessions":{"BfPX6lu6uKfrqFW0QOj9DudR12CzIMQXDVu9JxU//McA":{"registrationId":1487824649,"currentRatchet":{"ephemeralKeyPair":{"pubKey":"Bfs40l9eHeZ29WdgDQ381AjW7/QX7WCt616yxtZT2QAm","privKey":"UPoK8hdOgYQjgMeJj5jUIuiQoA2zLBPavW9CMe6wElg="},"lastRemoteEphemeralKey":"BZjosLP4C1tHr/EeG/1Nok3Evx/meQA1+gi7nKiRaYog","previousCounter":0,"rootKey":"MBnwLJpRu9IeNrhKqeRvCtKqj4MS1oqauoTUNbKVBj4="},"indexInfo":{"baseKey":"BfPX6lu6uKfrqFW0QOj9DudR12CzIMQXDVu9JxU//McA","baseKeyType":1,"closed":-1,"used":1665017009285,"created":1665017009285,"remoteIdentityKey":"BdzC6AC/iZGEZqB/R2p1ZQbDrVfd7PGzwLZAjkK/Kx8m"},"_chains":{"Bfs40l9eHeZ29WdgDQ381AjW7/QX7WCt616yxtZT2QAm":{"chainKey":{"counter":0,"key":"wbbSh2RGabhyLpMclM0nynBzqIwvabPK4snWf9/IXZU="},"chainType":1,"messageKeys":{}}},"pendingPreKey":{"signedKeyId":9,"baseKey":"BfPX6lu6uKfrqFW0QOj9DudR12CzIMQXDVu9JxU//McA","preKeyId":11327856}}},"version":"v1"}