{"_sessions":{"BZrDDQPWJYZqqIRQEz78P9dJ+hE2nA9KMUaZ+L0UkoU5":{"registrationId":15802,"currentRatchet":{"ephemeralKeyPair":{"pubKey":"Baq3DZ1/9MY00xALFV/2qao8Q82jd3CuaIgNSXqZQeZw","privKey":"2CoYPJdOMDA09R905TXgKBJPaGZzAGpupWoOCbX/DV0="},"lastRemoteEphemeralKey":"BYHE0aR2gybv2/PqB72TFhVkbiqPFbnnAU6i6WLGnlRE","previousCounter":0,"rootKey":"y3caTj+1x7U7bRWxh41AR7tEUVrLM6azgH4PkmazeZI="},"indexInfo":{"baseKey":"BZrDDQPWJYZqqIRQEz78P9dJ+hE2nA9KMUaZ+L0UkoU5","baseKeyType":1,"closed":-1,"used":1665017007929,"created":1665017007928,"remoteIdentityKey":"BfriIBsNMTpYtDjnMZPiub2mbff/fiA5oMxAuf6i3j9+"},"_chains":{"Baq3DZ1/9MY00xALFV/2qao8Q82jd3CuaIgNSXqZQeZw":{"chainKey":{"counter":0,"key":"2Fu265uhX0gmYuJkAKXsl/yy7+hhLeY6UAjoYSJR+/o="},"chainType":1,"messageKeys":{}}},"pendingPreKey":{"signedKeyId":1,"baseKey":"BZrDDQPWJYZqqIRQEz78P9dJ+hE2nA9KMUaZ+L0UkoU5","preKeyId":293}}},"version":"v1"}