{"_sessions":{"BUIqD97GOCmAZhECtzm5ql7vfbhhNE05Sw1/ZXm8K9xG":{"registrationId":1082241667,"currentRatchet":{"ephemeralKeyPair":{"pubKey":"BW2JrZ+b8ct5QmYaTfKVONd1oNqsaTre2tkMnfZ7jFVd","privKey":"IEkFrn+2ijapdqhKmb12Hw57kVf6HA9W3cSO77D0+2E="},"lastRemoteEphemeralKey":"Bbl3IWgG3wzioyOl8ZSj0Ad6i/5sCZRrSOz5oP0qWzof","previousCounter":0,"rootKey":"s/nrrAzkvsejqW0j9jCO22ER+ikBZ67KZiahIhtcDK0="},"indexInfo":{"baseKey":"BUIqD97GOCmAZhECtzm5ql7vfbhhNE05Sw1/ZXm8K9xG","baseKeyType":1,"closed":1665030034421,"used":1665029964978,"created":1665029964978,"remoteIdentityKey":"BSQ8ethT/FL6VDYr5dDrDYtRtUopzXdWa55T6JDTmR87"},"_chains":{"BW2JrZ+b8ct5QmYaTfKVONd1oNqsaTre2tkMnfZ7jFVd":{"chainKey":{"counter":0,"key":"gZDsyOkSUdxl/Nzs0nCz23l8FFTp/evcXF9E0TtQrK4="},"chainType":1,"messageKeys":{}}},"pendingPreKey":{"signedKeyId":22,"baseKey":"BUIqD97GOCmAZhECtzm5ql7vfbhhNE05Sw1/ZXm8K9xG","preKeyId":15363020}},"BVHz/rtXLhVikIajXM4tmjYi3dRF5lkgAYjb16KF9gEA":{"registrationId":1082241667,"currentRatchet":{"ephemeralKeyPair":{"pubKey":"BTIRnu1lgEpL6wEcUha5FX/79Q8NAwy5/PQe/WVwUKN3","privKey":"CKdCFzUYS4FInhAxfSgr6B5IRdUAGY/8FkvZM1zZ10U="},"lastRemoteEphemeralKey":"Bbl3IWgG3wzioyOl8ZSj0Ad6i/5sCZRrSOz5oP0qWzof","previousCounter":0,"rootKey":"qYEOG8BFf71NdXAGyQ5sdxhQvZu3tUOe+yoBat1e3i8="},"indexInfo":{"baseKey":"BVHz/rtXLhVikIajXM4tmjYi3dRF5lkgAYjb16KF9gEA","baseKeyType":1,"closed":1665030108607,"used":1665030034395,"created":1665030034395,"remoteIdentityKey":"BSQ8ethT/FL6VDYr5dDrDYtRtUopzXdWa55T6JDTmR87"},"_chains":{"BTIRnu1lgEpL6wEcUha5FX/79Q8NAwy5/PQe/WVwUKN3":{"chainKey":{"counter":-1,"key":"Nfb8rws8KE/GNEQpUDrNYRr67qQj4SywJg1sZK41Wec="},"chainType":1,"messageKeys":{}}},"pendingPreKey":{"signedKeyId":22,"baseKey":"BVHz/rtXLhVikIajXM4tmjYi3dRF5lkgAYjb16KF9gEA","preKeyId":15363059}},"BWstx9m9f745OCY0vtcjeATgCTe6NXJKRuLV0fT/8YVy":{"registrationId":1082241667,"currentRatchet":{"ephemeralKeyPair":{"pubKey":"BRq3dpC+Tfzv9w61u7kcM2SoJxVQsBGBN3ADs5K0n2R4","privKey":"qMJA6sqBAtqz+diSam5qwDz8XWxW02hkkeJ4w76kmkQ="},"lastRemoteEphemeralKey":"Bbl3IWgG3wzioyOl8ZSj0Ad6i/5sCZRrSOz5oP0qWzof","previousCounter":0,"rootKey":"d96aVx+zzVXkILym2A9gGmnVrjb7x7yv6aL2UHGwjNo="},"indexInfo":{"baseKey":"BWstx9m9f745OCY0vtcjeATgCTe6NXJKRuLV0fT/8YVy","baseKeyType":1,"closed":1665030146073,"used":1665030108582,"created":1665030108582,"remoteIdentityKey":"BSQ8ethT/FL6VDYr5dDrDYtRtUopzXdWa55T6JDTmR87"},"_chains":{"BRq3dpC+Tfzv9w61u7kcM2SoJxVQsBGBN3ADs5K0n2R4":{"chainKey":{"counter":-1,"key":"K8qfDj/zBws6hvrkQA+Kd9eD2MjTh8f0vBRshaBAM3Y="},"chainType":1,"messageKeys":{}}},"pendingPreKey":{"signedKeyId":22,"baseKey":"BWstx9m9f745OCY0vtcjeATgCTe6NXJKRuLV0fT/8YVy","preKeyId":15363484}},"BXC3SethcWDe5gavehXi8QctHpf22mxVdBPpbggyDY01":{"registrationId":1082241667,"currentRatchet":{"ephemeralKeyPair":{"pubKey":"BYCZQrpKSD4C+qX3tHlL0RlSDe37emgd7UliZpnl3nlN","privKey":"IGe/cVaxbE5NeRMCvz5jz2z7PFz0WIVxr4Y54NFWxHM="},"lastRemoteEphemeralKey":"Bbl3IWgG3wzioyOl8ZSj0Ad6i/5sCZRrSOz5oP0qWzof","previousCounter":0,"rootKey":"AuHsiLzGRAQyuGYUI1ka5FSz0eQxhu/70NyOZeb9Qss="},"indexInfo":{"baseKey":"BXC3SethcWDe5gavehXi8QctHpf22mxVdBPpbggyDY01","baseKeyType":1,"closed":1665030212688,"used":1665030146051,"created":1665030146051,"remoteIdentityKey":"BSQ8ethT/FL6VDYr5dDrDYtRtUopzXdWa55T6JDTmR87"},"_chains":{"BYCZQrpKSD4C+qX3tHlL0RlSDe37emgd7UliZpnl3nlN":{"chainKey":{"counter":-1,"key":"Rc+sjF7icT0HenAuaomAInlrv1Dxi5KH4eqpOKWCwv4="},"chainType":1,"messageKeys":{}}},"pendingPreKey":{"signedKeyId":22,"baseKey":"BXC3SethcWDe5gavehXi8QctHpf22mxVdBPpbggyDY01","preKeyId":15363450}},"BcI6iJ29WOH/rMkM6l+mamZesZocNDe0LtjTmTRHqBUE":{"registrationId":1082241667,"currentRatchet":{"ephemeralKeyPair":{"pubKey":"BSVqYP0WerxRotZihYiDjzGi/BSNV0yzNlyJeSHJcTE8","privKey":"EBKCIkGK1rro54gUwWfO93znyY/1J6/9kba1d9oSWHo="},"lastRemoteEphemeralKey":"Bbl3IWgG3wzioyOl8ZSj0Ad6i/5sCZRrSOz5oP0qWzof","previousCounter":0,"rootKey":"4zQsQzktbdT24ATTV1/9gIWuumuPN2sPiI0+AFvbCms="},"indexInfo":{"baseKey":"BcI6iJ29WOH/rMkM6l+mamZesZocNDe0LtjTmTRHqBUE","baseKeyType":1,"closed":1665030238207,"used":1665030212658,"created":1665030212658,"remoteIdentityKey":"BSQ8ethT/FL6VDYr5dDrDYtRtUopzXdWa55T6JDTmR87"},"_chains":{"BSVqYP0WerxRotZihYiDjzGi/BSNV0yzNlyJeSHJcTE8":{"chainKey":{"counter":-1,"key":"t39rYvkubaBtuIjqrk93agls3eFcHwzSgN8yvLXt18k="},"chainType":1,"messageKeys":{}}},"pendingPreKey":{"signedKeyId":22,"baseKey":"BcI6iJ29WOH/rMkM6l+mamZesZocNDe0LtjTmTRHqBUE","preKeyId":15363473}},"Be8xKltIDc3k/yHhww4ZXYAxBD9Ih9g4OPrjdKrvTuQp":{"registrationId":1082241667,"currentRatchet":{"ephemeralKeyPair":{"pubKey":"BbCbsY4QrUphzrDigG+r4Rkg0MULyefEByM72Iw74dRk","privKey":"4LSfGCscyP/GaZK93WtYBvrt6kjbVgbD7DBatVbbn0Q="},"lastRemoteEphemeralKey":"Bbl3IWgG3wzioyOl8ZSj0Ad6i/5sCZRrSOz5oP0qWzof","previousCounter":0,"rootKey":"dVk6POCMPvDxkHq0mTS6EFa7BcIwYWmJWYQK7oSh3Cc="},"indexInfo":{"baseKey":"Be8xKltIDc3k/yHhww4ZXYAxBD9Ih9g4OPrjdKrvTuQp","baseKeyType":1,"closed":-1,"used":1665030238171,"created":1665030238171,"remoteIdentityKey":"BSQ8ethT/FL6VDYr5dDrDYtRtUopzXdWa55T6JDTmR87"},"_chains":{"BbCbsY4QrUphzrDigG+r4Rkg0MULyefEByM72Iw74dRk":{"chainKey":{"counter":-1,"key":"oH2EZ+zwQHdhE5WoEIBR+1MYJ2NTqvaqCySydqWVQOY="},"chainType":1,"messageKeys":{}}},"pendingPreKey":{"signedKeyId":22,"baseKey":"Be8xKltIDc3k/yHhww4ZXYAxBD9Ih9g4OPrjdKrvTuQp","preKeyId":15363014}}},"version":"v1"}