{"_sessions":{"BUtPH5SrZo89TXo/etQfBx+cukhWm+SuZ73LUm17PEtX":{"registrationId":438076583,"currentRatchet":{"ephemeralKeyPair":{"pubKey":"BdGPeh10Oh0KLruA4CbVKEJGh5u6zDjV3IG4BdUgSUYu","privKey":"4BrOldaYqorj0UgcsXXnWY7Gik21MJ0qkA3buwbjIVA="},"lastRemoteEphemeralKey":"BSpV6Iv9vXl1WTF3uqk6amfnv6GAi4xcGkAB8nD0L6Fc","previousCounter":0,"rootKey":"VNIWyUnwvTOqCV4SCQaGObaUIRCbup418jvI2qhMI1o="},"indexInfo":{"baseKey":"BUtPH5SrZo89TXo/etQfBx+cukhWm+SuZ73LUm17PEtX","baseKeyType":1,"closed":-1,"used":1665025924022,"created":1665025924022,"remoteIdentityKey":"BVOipxmDmeFUZCxq00EXZSDH/rSSww5pZ6wjHMQphDgX"},"_chains":{"BdGPeh10Oh0KLruA4CbVKEJGh5u6zDjV3IG4BdUgSUYu":{"chainKey":{"counter":0,"key":"0tQX4+APYQE4qaBpUw+4x5IMp/BpxfIk5/CaDfM6FIo="},"chainType":1,"messageKeys":{}}},"pendingPreKey":{"signedKeyId":5,"baseKey":"BUtPH5SrZo89TXo/etQfBx+cukhWm+SuZ73LUm17PEtX","preKeyId":9515796}}},"version":"v1"}