{"_sessions":{"BR6dyXOZljaY9JcthVbFG7SeznAgNZSxT4iCca8mpasa":{"registrationId":828785473,"currentRatchet":{"ephemeralKeyPair":{"pubKey":"BS6NpGC2ztz3sgjgNSjjMFr3WWYzukb1orwPv4QeJ8tt","privKey":"QIdXCd5+wvQdh6DFY7iM22jPbsU/5vO8VVmVxi1naEo="},"lastRemoteEphemeralKey":"BZNhMjq+/h2HGn4Ad9ZR382mzWidK754cqV2YtcgXF5+","previousCounter":0,"rootKey":"Mc1y0UKqxB3u0rh7qDWxl3i4nBt6MeRdisYPx3pcZx0="},"indexInfo":{"baseKey":"BR6dyXOZljaY9JcthVbFG7SeznAgNZSxT4iCca8mpasa","baseKeyType":2,"closed":-1,"used":1665028004022,"created":1665028004022,"remoteIdentityKey":"BXN7Pz2pRp6cPtsnOKoSTb9GfQdWzEKnVGuPhjx9xtZ6"},"_chains":{"BZNhMjq+/h2HGn4Ad9ZR382mzWidK754cqV2YtcgXF5+":{"chainKey":{"counter":1,"key":"ItXy0y6IScA4Uv8HWa35bEbudEzrvsRE/krcXC7Gv98="},"chainType":2,"messageKeys":{}},"BS6NpGC2ztz3sgjgNSjjMFr3WWYzukb1orwPv4QeJ8tt":{"chainKey":{"counter":-1,"key":"+YUb3Me+OKO0V+FSUUS5aMxbKBWdFLXMjLmC+80qu9g="},"chainType":1,"messageKeys":{}}}}},"version":"v1"}