{"_sessions":{"BQSNSXy+Yj0cwOie3SSTeRJ7+6VzUd516Ow6gXY9NmZd":{"registrationId":1712288677,"currentRatchet":{"ephemeralKeyPair":{"pubKey":"Be8TnZjMQXkYP9E0qieEKp89zfzQ/fQFYDg71cRM9iQn","privKey":"gE3FnvzZR57as1m8VBtYvZFHnJ90qd/PkM7Rrzg3HkA="},"lastRemoteEphemeralKey":"Bc3knCzeU/TOjctsV9i+rtAar7olNWTPj3Qe/P+iB7Iq","previousCounter":0,"rootKey":"xIOIAZZHE+ewqO0s2GKXnarcSAeKObg0waIIkXnYu9I="},"indexInfo":{"baseKey":"BQSNSXy+Yj0cwOie3SSTeRJ7+6VzUd516Ow6gXY9NmZd","baseKeyType":1,"closed":-1,"used":1665025924343,"created":1665025924343,"remoteIdentityKey":"BbupCrKqXiR1rUvRt29WXr00/1x8BVkBWpTSqRTkR0JZ"},"_chains":{"Be8TnZjMQXkYP9E0qieEKp89zfzQ/fQFYDg71cRM9iQn":{"chainKey":{"counter":0,"key":"5qbOTFoW1n8TQSdqZPbRDFulARpYj3rMLWYxokRwfuc="},"chainType":1,"messageKeys":{}}},"pendingPreKey":{"signedKeyId":9,"baseKey":"BQSNSXy+Yj0cwOie3SSTeRJ7+6VzUd516Ow6gXY9NmZd","preKeyId":2198613}}},"version":"v1"}