{"_sessions":{"Bb7vK6rZFpmVTpse0f6Qd8fD7jGHYPJyy3W1YXG6dBYF":{"registrationId":1439819674,"currentRatchet":{"ephemeralKeyPair":{"pubKey":"BVlnQGdpGTTsY9lMYAQpUwr1b5wLzuyFvICQwHna+nJU","privKey":"mMphzOLjfAH8BcmXavFXl0rDfNS3cDtN+XklfA4JPVI="},"lastRemoteEphemeralKey":"BTTDraxofSEbRHtVOXDlYZZNVE23clTIbo2BZfmHx64Y","previousCounter":0,"rootKey":"9/1r9rxt80gr+IueEYaUtG6YY1UJFGt3yE1emug1xlc="},"indexInfo":{"baseKey":"Bb7vK6rZFpmVTpse0f6Qd8fD7jGHYPJyy3W1YXG6dBYF","baseKeyType":1,"closed":-1,"used":1665025924289,"created":1665025924289,"remoteIdentityKey":"Be8ilDKzN5Y54ju1WzRkjqQ/SaJ/EFXoEGbN3Pag5RV3"},"_chains":{"BVlnQGdpGTTsY9lMYAQpUwr1b5wLzuyFvICQwHna+nJU":{"chainKey":{"counter":0,"key":"6KFniteYo9hdClMEgAamTbYUkDEQ3Vh/kawACxUureA="},"chainType":1,"messageKeys":{}}},"pendingPreKey":{"signedKeyId":2,"baseKey":"Bb7vK6rZFpmVTpse0f6Qd8fD7jGHYPJyy3W1YXG6dBYF","preKeyId":9767399}}},"version":"v1"}