{"_sessions":{"BY36JW2uKLxi66Ocytgec32teBxd4Fd4s7fWuUjwSCFD":{"registrationId":963580355,"currentRatchet":{"ephemeralKeyPair":{"pubKey":"BWUTM9duvxpPHNPNF2iZtq3rxKwb4gT13fxzPgeJIqwJ","privKey":"GBjwbFe2Xv7SicVr3fwvnIyUi3A+R2e/mSh9jIzeTFg="},"lastRemoteEphemeralKey":"BdzY4mf78eBn11Vpfw4WBZEQNtUgoj7Bk5P0nBdCiKEu","previousCounter":0,"rootKey":"qgPE3wIqKLqJ24i8XJRn1MQvbja2zSUvu4MQPEhv9r8="},"indexInfo":{"baseKey":"BY36JW2uKLxi66Ocytgec32teBxd4Fd4s7fWuUjwSCFD","baseKeyType":1,"closed":-1,"used":1665025455642,"created":1665017008415,"remoteIdentityKey":"BX53h618u/EJwa3Au3YcLu2bzE+4sCHl+dmjT7cgIpc2"},"_chains":{"BdzY4mf78eBn11Vpfw4WBZEQNtUgoj7Bk5P0nBdCiKEu":{"chainKey":{"counter":1,"key":"mSQ8Bd2nusixBQRRLkSiRY6cEuERebAdzfp6uf5v/kQ="},"chainType":2,"messageKeys":{}},"BWUTM9duvxpPHNPNF2iZtq3rxKwb4gT13fxzPgeJIqwJ":{"chainKey":{"counter":-1,"key":"Zc5hHxd3B8iNWIGSFb+JIRqTO6+59IVFF2ygUPYhOsg="},"chainType":1,"messageKeys":{}}}}},"version":"v1"}