{"_sessions":{"BW5KTWMJtQpeZ8gVU5/UIyEFmW8wpmRosogsydTMWUVG":{"registrationId":1912230551,"currentRatchet":{"ephemeralKeyPair":{"pubKey":"BTrfZE/DiimxswExqKC4202etxAU/C6N15NEV3nqJs9p","privKey":"MFJUsO/dkTOJlW71Doqsop30MSyx/yYwhY3JESKShHo="},"lastRemoteEphemeralKey":"BfQ5QLORh1KbX1gvcYfkFd4GoPqUvc9yLoRiLqr2cORM","previousCounter":0,"rootKey":"QdrFoScHLVBvORdJnZlDWwsW3VM4Xbw4dY8jAthq1SQ="},"indexInfo":{"baseKey":"BW5KTWMJtQpeZ8gVU5/UIyEFmW8wpmRosogsydTMWUVG","baseKeyType":1,"closed":-1,"used":1665017009091,"created":1665017009091,"remoteIdentityKey":"BUOMAqm0LH9IHCR6hsiu4M6PKuy8zdvDUYGEG3EVbHBb"},"_chains":{"BTrfZE/DiimxswExqKC4202etxAU/C6N15NEV3nqJs9p":{"chainKey":{"counter":0,"key":"bHxBOnsLonRGjKXx+x5v9Q75y20AvdRp8a9eNhNHNeQ="},"chainType":1,"messageKeys":{}}},"pendingPreKey":{"signedKeyId":1,"baseKey":"BW5KTWMJtQpeZ8gVU5/UIyEFmW8wpmRosogsydTMWUVG","preKeyId":6743858}}},"version":"v1"}