{"_sessions":{"BWqWYZEt0aWtV5+UPMnWpJmf4h1LGvkPsw7kbLB1SeB1":{"registrationId":294610680,"currentRatchet":{"ephemeralKeyPair":{"pubKey":"BTpnZFjyRfyCIf7YD5QJJoioksTyYT0rwLLpRLM6sdZ5","privKey":"kKL5JHRFR4NAsH2bjyzKlKArX+NAgZwqGsE3liEAVVo="},"lastRemoteEphemeralKey":"BfWeg0/K9+GCiKhF5behDKzGQ8On0Rigldqy/EJcpvsR","previousCounter":0,"rootKey":"JBrXyl4oM9UI50YclFDILKaZpKL/88/mBq4csfDmAvc="},"indexInfo":{"baseKey":"BWqWYZEt0aWtV5+UPMnWpJmf4h1LGvkPsw7kbLB1SeB1","baseKeyType":1,"closed":-1,"used":1665017008317,"created":1665017008317,"remoteIdentityKey":"BeFL4vdDfPrfL3texrLdRPkhS3+491WZ5ZbZqfWF4+Vg"},"_chains":{"BTpnZFjyRfyCIf7YD5QJJoioksTyYT0rwLLpRLM6sdZ5":{"chainKey":{"counter":0,"key":"KkAvhvhgY6x2CuRbOOzzVVdtDnSsI5Fb6dtQ+aJKW9g="},"chainType":1,"messageKeys":{}}},"pendingPreKey":{"signedKeyId":6,"baseKey":"BWqWYZEt0aWtV5+UPMnWpJmf4h1LGvkPsw7kbLB1SeB1","preKeyId":13722117}}},"version":"v1"}