{"_sessions":{"BX6iB+514O+AsWhzr6XCDYJsw+gmPkPXU+4N8UrE/Z1V":{"registrationId":455275405,"currentRatchet":{"ephemeralKeyPair":{"pubKey":"BZdgRp5dAaGkgNUx3CEZlkOjElaHIygG30wrrLbFWFxn","privKey":"qFdIWc1vV+BMoFy+ZrGWpNwa7P+cPyog6HR5CHQUoXM="},"lastRemoteEphemeralKey":"BZ13uGlLRxH2Nk1IL9LM5eCpUAkTxF/Fb6ZNp6S8oTkj","previousCounter":0,"rootKey":"nobYO6JV8LBZoj/qg0mnnPAP1NJqk3OEKtLT3u3FER8="},"indexInfo":{"baseKey":"BX6iB+514O+AsWhzr6XCDYJsw+gmPkPXU+4N8UrE/Z1V","baseKeyType":1,"closed":1665030113872,"used":1665029965027,"created":1665029965027,"remoteIdentityKey":"BbDpIBhVwB3ugBx/xPwz6P/O9AvLc+nZXuYHt5uqbU4F"},"_chains":{"BZdgRp5dAaGkgNUx3CEZlkOjElaHIygG30wrrLbFWFxn":{"chainKey":{"counter":0,"key":"ROVnneO8IUmhAFjsq1T3DSXjw3qlCaidWN0Jn1GKjFQ="},"chainType":1,"messageKeys":{}}},"pendingPreKey":{"signedKeyId":5,"baseKey":"BX6iB+514O+AsWhzr6XCDYJsw+gmPkPXU+4N8UrE/Z1V","preKeyId":7269186}},"BScIGncOiwILmpp1JyW4bhRR7oVhfhKgO5gX864/1YgE":{"registrationId":455275405,"currentRatchet":{"ephemeralKeyPair":{"pubKey":"BZXeRapOdsFk9Nh6k+MjX1whEfYS7njb/JBbqHGRDjYo","privKey":"eL7guOjoajJqL0ej7EROB4a7KsR11rHjD7fDxvAWnHg="},"lastRemoteEphemeralKey":"BZ13uGlLRxH2Nk1IL9LM5eCpUAkTxF/Fb6ZNp6S8oTkj","previousCounter":0,"rootKey":"e7x6fQMdbDYnVTU3orGKlVg2mDjBAcJpZerQevmU1hA="},"indexInfo":{"baseKey":"BScIGncOiwILmpp1JyW4bhRR7oVhfhKgO5gX864/1YgE","baseKeyType":1,"closed":1665030114920,"used":1665030113855,"created":1665030113855,"remoteIdentityKey":"BbDpIBhVwB3ugBx/xPwz6P/O9AvLc+nZXuYHt5uqbU4F"},"_chains":{"BZXeRapOdsFk9Nh6k+MjX1whEfYS7njb/JBbqHGRDjYo":{"chainKey":{"counter":-1,"key":"yFqJTC81NWuhdPtE/GwQ2iDE0Q6qcT+1X997l6m2nZs="},"chainType":1,"messageKeys":{}}},"pendingPreKey":{"signedKeyId":5,"baseKey":"BScIGncOiwILmpp1JyW4bhRR7oVhfhKgO5gX864/1YgE","preKeyId":7269728}},"BSVnNNI5oAv88jBbkMSF2oQvvU74fM9JHM+SkKviy9kF":{"registrationId":455275405,"currentRatchet":{"ephemeralKeyPair":{"pubKey":"BVW1LwK8fuv4dbNGEo5k8ifxVVXB5VVh7Y5Pr1B9cuBR","privKey":"4EVOVMuMWGnv6RsCuC6dWkd3Z0e+e+FzK5RSiL/R6G8="},"lastRemoteEphemeralKey":"BZ13uGlLRxH2Nk1IL9LM5eCpUAkTxF/Fb6ZNp6S8oTkj","previousCounter":0,"rootKey":"viWF1MZiQmxvwawjUgW6idOhf7LPPegWjGM+wjNBQcc="},"indexInfo":{"baseKey":"BSVnNNI5oAv88jBbkMSF2oQvvU74fM9JHM+SkKviy9kF","baseKeyType":1,"closed":1665030179601,"used":1665030114899,"created":1665030114899,"remoteIdentityKey":"BbDpIBhVwB3ugBx/xPwz6P/O9AvLc+nZXuYHt5uqbU4F"},"_chains":{"BVW1LwK8fuv4dbNGEo5k8ifxVVXB5VVh7Y5Pr1B9cuBR":{"chainKey":{"counter":-1,"key":"xGDFFS6mrSPJVI7dEWp1Lg3DsJIiVx2CT3tl+wbzyME="},"chainType":1,"messageKeys":{}}},"pendingPreKey":{"signedKeyId":5,"baseKey":"BSVnNNI5oAv88jBbkMSF2oQvvU74fM9JHM+SkKviy9kF","preKeyId":7269640}},"BQ8eNWZjSxFqCW2/3TtCzy2jaoUDLSG7hiiCAQduB504":{"registrationId":455275405,"currentRatchet":{"ephemeralKeyPair":{"pubKey":"BbbrrNG77hci0LjPekWc7IucuHL+FNXjJpVXlyZWLjRA","privKey":"wBw/GbS9KmnPQt3coJOIWeVrXJfyYKqsJQ8lbn0xr04="},"lastRemoteEphemeralKey":"BZ13uGlLRxH2Nk1IL9LM5eCpUAkTxF/Fb6ZNp6S8oTkj","previousCounter":0,"rootKey":"WjSyypDc+kDm6abi07sz1qCLbjmgDcHFjIb4GMWIk+A="},"indexInfo":{"baseKey":"BQ8eNWZjSxFqCW2/3TtCzy2jaoUDLSG7hiiCAQduB504","baseKeyType":1,"closed":-1,"used":1665030179558,"created":1665030179558,"remoteIdentityKey":"BbDpIBhVwB3ugBx/xPwz6P/O9AvLc+nZXuYHt5uqbU4F"},"_chains":{"BbbrrNG77hci0LjPekWc7IucuHL+FNXjJpVXlyZWLjRA":{"chainKey":{"counter":-1,"key":"BS0hCAL/AEun8+dFvK4Kg/XzfHUC5p+emgPMZl2g7K8="},"chainType":1,"messageKeys":{}}},"pendingPreKey":{"signedKeyId":5,"baseKey":"BQ8eNWZjSxFqCW2/3TtCzy2jaoUDLSG7hiiCAQduB504","preKeyId":7269729}}},"version":"v1"}