{"_sessions":{"BV0XWihd30yDA3NdS9ErdRsdMAZPAJDIDBTWbwlgOxBY":{"registrationId":2016388174,"currentRatchet":{"ephemeralKeyPair":{"pubKey":"BYmGyxiVO2jHs7IW1kfcVPLkd+sqTCMfgKf1kE3c78UG","privKey":"6Psi3vE5rk5IaW7YbjKehN0jH8BZbVYfkzpVO8kH9mE="},"lastRemoteEphemeralKey":"BdLQ3D9mv8OI7W/7FxgenOHr5iWYwSpJQC4R3ZDFlLkU","previousCounter":0,"rootKey":"WgoLBcdgQgdWpv0z8VZl2stpV9fGurMTQoim8sO+ozw="},"indexInfo":{"baseKey":"BV0XWihd30yDA3NdS9ErdRsdMAZPAJDIDBTWbwlgOxBY","baseKeyType":1,"closed":-1,"used":1665017009383,"created":1665017009383,"remoteIdentityKey":"BZuf0Vw1KuepkU77Bb9i8rWZlYebbcWDPjpacWDVmutb"},"_chains":{"BYmGyxiVO2jHs7IW1kfcVPLkd+sqTCMfgKf1kE3c78UG":{"chainKey":{"counter":0,"key":"JnpBct5aoNA//7EJ2nziWnCWawi0xPmqIbA8RuakKZg="},"chainType":1,"messageKeys":{}}},"pendingPreKey":{"signedKeyId":3,"baseKey":"BV0XWihd30yDA3NdS9ErdRsdMAZPAJDIDBTWbwlgOxBY","preKeyId":10181816}}},"version":"v1"}