{"_sessions":{"BdraXYRSsgD/Yx4nq3xW8KY35BZkQBH3O9TGi+laVIUH":{"registrationId":1059210572,"currentRatchet":{"ephemeralKeyPair":{"pubKey":"BZX+ALhNybxyMSkYZb/eYTDmwtnADVxT0iPikCwMBLQU","privKey":"mAThH2aJvggkpxY4NMWZZ79ni5xTrL0arqp540SLVWg="},"lastRemoteEphemeralKey":"BSvRxfPQVTTUANsXYKw78BnkEEic3JQaOolOny8TobNi","previousCounter":0,"rootKey":"xRLZuh+S8hLH4uJtCYJj/KvE6KsxNzp23QTGnpEYW9w="},"indexInfo":{"baseKey":"BdraXYRSsgD/Yx4nq3xW8KY35BZkQBH3O9TGi+laVIUH","baseKeyType":2,"closed":-1,"used":1665021296112,"created":1665021296112,"remoteIdentityKey":"BeOnik6+Yl1Yvr0yuqb/zA3RWaTTsDJ680KDRRFFEYQk"},"_chains":{"BSvRxfPQVTTUANsXYKw78BnkEEic3JQaOolOny8TobNi":{"chainKey":{"counter":0,"key":"cBVHJRpgNP+vYlGP2rseYFutnRqfhzl05d0Y/z0Ioco="},"chainType":2,"messageKeys":{}},"BZX+ALhNybxyMSkYZb/eYTDmwtnADVxT0iPikCwMBLQU":{"chainKey":{"counter":-1,"key":"CSLEBN9cDMb7Zr6NbxpJQTMAwkaVa7+N22KXMaRBmT8="},"chainType":1,"messageKeys":{}}}}},"version":"v1"}