{"_sessions":{"BR/6q7bu24Zubuc15wjagwtSTXq5HWAnzJlWJnWix7dL":{"registrationId":2119170746,"currentRatchet":{"ephemeralKeyPair":{"pubKey":"BavBhpNOhKoYKq5GRXjSWEoGpIybsqqXCIa9XeAQuA9k","privKey":"6MCxdEgCZP4Gf3+DvlqCSsh5HugCge3B5plNpe/If2U="},"lastRemoteEphemeralKey":"BUq0jn5rktmuYA69HNSVKZn4tM5JC0b8qLaC+XZkKlUN","previousCounter":0,"rootKey":"K8rDMKUK7i/PnzJGs+zOT4VbdozZRy3H/YaC9O2/Vkg="},"indexInfo":{"baseKey":"BR/6q7bu24Zubuc15wjagwtSTXq5HWAnzJlWJnWix7dL","baseKeyType":1,"closed":-1,"used":1665017008364,"created":1665017008364,"remoteIdentityKey":"BSo6kBASdlt/uHoG9HsEXKo9TxU64WgZoW+P8kV6fvMD"},"_chains":{"BavBhpNOhKoYKq5GRXjSWEoGpIybsqqXCIa9XeAQuA9k":{"chainKey":{"counter":0,"key":"izL/t78LEGeFdgCAoItk0bV46jir+fR82yXrVvZTYxA="},"chainType":1,"messageKeys":{}}},"pendingPreKey":{"signedKeyId":8,"baseKey":"BR/6q7bu24Zubuc15wjagwtSTXq5HWAnzJlWJnWix7dL","preKeyId":5407297}}},"version":"v1"}