{"_sessions":{"BTy+JjNpcZ0RqcSbREoT3aZ3/Cr0DkloytkAy9JvRuI8":{"registrationId":1931410206,"currentRatchet":{"ephemeralKeyPair":{"pubKey":"BW/k+qK0jhyyuXfO2vRhJ1o6zFNXUaWnu2iEh7zhQZkc","privKey":"oNjxuv8Pvu9Hq9/eVPJb9tsCg9hCGGD011eeVxwwumA="},"lastRemoteEphemeralKey":"BYHrRy8D3Z0/4oOkL2FF0pbGEkADKbGUHDxBGAHPkiZX","previousCounter":0,"rootKey":"MVwmNd6SSm0mT3xJj+hWMGdyXsOZHDhcxFzOo6Ed0tQ="},"indexInfo":{"baseKey":"BTy+JjNpcZ0RqcSbREoT3aZ3/Cr0DkloytkAy9JvRuI8","baseKeyType":1,"closed":-1,"used":1665017008222,"created":1665017008222,"remoteIdentityKey":"BSZyqsn5LlCnLPsFT/kZS4LwcAnJ1fcssmRFrAW/OZVM"},"_chains":{"BW/k+qK0jhyyuXfO2vRhJ1o6zFNXUaWnu2iEh7zhQZkc":{"chainKey":{"counter":0,"key":"dtiXR/BrSQZLqbhs52MABAnZyxf9ccT+wykrJDd+U+0="},"chainType":1,"messageKeys":{}}},"pendingPreKey":{"signedKeyId":0,"baseKey":"BTy+JjNpcZ0RqcSbREoT3aZ3/Cr0DkloytkAy9JvRuI8","preKeyId":2641549}}},"version":"v1"}