{"_sessions":{"BcALFF8ixJpGypfMmNTF6nT0pWQLRAc71NIR2czQdaMA":{"registrationId":1169816800,"currentRatchet":{"ephemeralKeyPair":{"pubKey":"BZ9UYKEsluwzjk60fcaxD+3g8Z+u9qcWwd+p5R9V0otk","privKey":"YN2rrmWh5sSeOaeRa1cd+QVrVoPlMcrs8HjULzw/V2w="},"lastRemoteEphemeralKey":"BSgYVXJjGdflm/3b2hQbZd78e4U9ilAdYKdnYMKbLtR5","previousCounter":0,"rootKey":"vC/xWXUuuHUP7DR3I/NgU36aK5SQuDhGaOlCzxRabpI="},"indexInfo":{"baseKey":"BcALFF8ixJpGypfMmNTF6nT0pWQLRAc71NIR2czQdaMA","baseKeyType":1,"closed":-1,"used":1665029717137,"created":1665017009236,"remoteIdentityKey":"BSHn/C8ooNtcW1ae3vhSV5ZBtHC+iDSENcREphMz5/kt"},"_chains":{"BdvyQkJjcpVtWb7b3zLubD2mXVWoiqlztBGM4EB8POxQ":{"chainKey":{"counter":19},"chainType":2,"messageKeys":{"12":"Njx8UPghFuzUlS1bQHY6P5E0t+2ssrJ/5rwbSEaLwUs=","13":"Dwx4TPB/YPsbLXhCSLGyNqajuAd1YaDUhy9NioDEcFA=","14":"t7DZWmK56+Mfn0xapDbHsbQhgiENzzzFnqhyXYn5EYE=","15":"v1ewkaKrfV8QOHLeC1ZjRPWLyZNpKd9oJ1GeNKKbDNU=","16":"7pFnBAgl6Ch0Bt+OCB7EnSuWZBrllteOT+99UerYeOM=","17":"prqBJx87oUQJ8dR4LejoYdO/URV1IKQEYBvPyrsEVuw="}},"BSgYVXJjGdflm/3b2hQbZd78e4U9ilAdYKdnYMKbLtR5":{"chainKey":{"counter":7,"key":"RMkJOGRY13j1+fnAi6Ut3+7b9PDZk0WU2n3DS9EeWbA="},"chainType":2,"messageKeys":{}},"BZ9UYKEsluwzjk60fcaxD+3g8Z+u9qcWwd+p5R9V0otk":{"chainKey":{"counter":-1,"key":"SAgz09YzWH0UfEg2/0j2HU0MNWF1Ms+RB07dIvznsm0="},"chainType":1,"messageKeys":{}}}}},"version":"v1"}