{"_sessions":{"BQshRZ3lQCLoT1wbJ2wamDCSHXrM1VtclESTfgjpBudb":{"registrationId":7457,"currentRatchet":{"ephemeralKeyPair":{"pubKey":"BbXvAUhA9Z98LdYht4SIyI81TDuLmiKxmnP2ariRwwEu","privKey":"OCIwGjZdC9DeZOEDFpysXjighviCUiV4gEtMljs3nW8="},"lastRemoteEphemeralKey":"Bccfhw+Oc6v064wiDcuEe7PsHDmIoJldw8WWsgXLLfN3","previousCounter":0,"rootKey":"U9MHG0S3rh9z+akz58XwWmJbNY/bmQ7jH0w3h3n5QnE="},"indexInfo":{"baseKey":"BQshRZ3lQCLoT1wbJ2wamDCSHXrM1VtclESTfgjpBudb","baseKeyType":1,"closed":-1,"used":1665017007778,"created":1665017007778,"remoteIdentityKey":"BWlezfqD4tK9oaWWJ0FvGf2dPuoyUprP6URVJ+OVNqBf"},"_chains":{"BbXvAUhA9Z98LdYht4SIyI81TDuLmiKxmnP2ariRwwEu":{"chainKey":{"counter":0,"key":"qziCCfGhdlB+cHwudqns31Sk8seuyHeEJyg18MLAUN4="},"chainType":1,"messageKeys":{}}},"pendingPreKey":{"signedKeyId":1,"baseKey":"BQshRZ3lQCLoT1wbJ2wamDCSHXrM1VtclESTfgjpBudb","preKeyId":138}}},"version":"v1"}