{"_sessions":{"BQ9+nPp3W2xSh4j8bjXcyxrZ0elX6wD7aEH323G5QQ95":{"registrationId":1666745310,"currentRatchet":{"ephemeralKeyPair":{"pubKey":"Bfw2Uqh05yK6+xb/RcLDemgB57WLiNsg3NOdmHePARtw","privKey":"YJwne8T6PqB/y/O+jzA8Z4MyalFgN7lJpggeAg5bEHQ="},"lastRemoteEphemeralKey":"BYGJz9TtPWRceK6ZUkgy2XK0QXYHmh8fBmwRB8WqiCVe","previousCounter":0,"rootKey":"vEuAmZwhrDaGApUWr+O5/iuSrNG6znkp64JKeVriRoU="},"indexInfo":{"baseKey":"BQ9+nPp3W2xSh4j8bjXcyxrZ0elX6wD7aEH323G5QQ95","baseKeyType":1,"closed":-1,"used":1665017009482,"created":1665017009482,"remoteIdentityKey":"BWYgKMzL+223Jgml/hnaKL5MyK1b6YFrP/O01HdvHWgI"},"_chains":{"Bfw2Uqh05yK6+xb/RcLDemgB57WLiNsg3NOdmHePARtw":{"chainKey":{"counter":0,"key":"KodFLjROGFrmwjjNZHPDxwv21rRn6s0mlhNFiwIT4k8="},"chainType":1,"messageKeys":{}}},"pendingPreKey":{"signedKeyId":2,"baseKey":"BQ9+nPp3W2xSh4j8bjXcyxrZ0elX6wD7aEH323G5QQ95","preKeyId":13880110}}},"version":"v1"}