{"_sessions":{"BUHHAlb7f5ar6kUvY+AMJcgfJuBLX9w9E15TOTR4xREN":{"registrationId":1670341445,"currentRatchet":{"ephemeralKeyPair":{"pubKey":"BYRdxl9uFIzSyEOwi+YT1Cc2nMBiU1QslVlHi6PRP1Qi","privKey":"mAZSHj5/sUD/kJ3SMZ5Ckr7d+ZYhPfgGdUu1f/W1FHg="},"lastRemoteEphemeralKey":"BQ0PQIwXhQDArOrt4bwKSM6u4/HZFGJmXJfeFZEOWksL","previousCounter":0,"rootKey":"CcBzLCw7aox20AWTPsczHjUzG2HHclaQEl+B3iq8yDI="},"indexInfo":{"baseKey":"BUHHAlb7f5ar6kUvY+AMJcgfJuBLX9w9E15TOTR4xREN","baseKeyType":2,"closed":-1,"used":1665019143597,"created":1665019143597,"remoteIdentityKey":"BVLcDUrdpY+tLskdvhh4zhvfmoIKeTRgoxzj0JL2NSBB"},"_chains":{"BQ0PQIwXhQDArOrt4bwKSM6u4/HZFGJmXJfeFZEOWksL":{"chainKey":{"counter":1,"key":"EOtMHCdw5iA3HUix1LZfU6SXehq1G4vdvq1DWHadBpU="},"chainType":2,"messageKeys":{}},"BYRdxl9uFIzSyEOwi+YT1Cc2nMBiU1QslVlHi6PRP1Qi":{"chainKey":{"counter":-1,"key":"0GpTkkRvEyMwFtgz1wqqUf5/vFAnpmpvNGKUgV8dV8w="},"chainType":1,"messageKeys":{}}}}},"version":"v1"}