{"_sessions":{"BResvJNV4OcjdZ01uqTm/Fgz2FIWfpa43V/DwcShVx8q":{"registrationId":1321946962,"currentRatchet":{"ephemeralKeyPair":{"pubKey":"BYXvP8aT+UKd97WRso84RWLFHIP7O2ttKhk/bCv0TClC","privKey":"sH+SwM4YGxI24liy7S6rzs8D1gDGT4n+9X1VzRGFz2M="},"lastRemoteEphemeralKey":"BZTRG2XzypxnzzKESgqbyz5Q37sQV9xpVdTeW7AVFU0y","previousCounter":0,"rootKey":"msFgF722ogqVZLZphxWzIopPLlkg4klg7LUe0UlcB7c="},"indexInfo":{"baseKey":"BResvJNV4OcjdZ01uqTm/Fgz2FIWfpa43V/DwcShVx8q","baseKeyType":2,"closed":-1,"used":1665025433144,"created":1665025433144,"remoteIdentityKey":"BTt217YEwVtHQWnlejGBbVdojTB44IWP63+55LW6KN4E"},"_chains":{"BZTRG2XzypxnzzKESgqbyz5Q37sQV9xpVdTeW7AVFU0y":{"chainKey":{"counter":2,"key":"4Bzq4Djjy02iupdww0L4KhC/b/3ah12UA7aX8AlFuBY="},"chainType":2,"messageKeys":{}},"BYXvP8aT+UKd97WRso84RWLFHIP7O2ttKhk/bCv0TClC":{"chainKey":{"counter":-1,"key":"t7ZjtrTSf5wKnIzka2UK0yEpEl3j/1PlT94hQFHLBCg="},"chainType":1,"messageKeys":{}}}}},"version":"v1"}