{"_sessions":{"BVlae+adwn5r7j9wpouO//1uyFEHQHyikMevWUKj1219":{"registrationId":8210,"currentRatchet":{"ephemeralKeyPair":{"pubKey":"BSFdGPxciEZM8UAvStIb4xJNCEcLgFInxygHoJKIV+FI","privKey":"sAKf6WHIcZKj4oIvygOBgB/4cTpYCi/ejqBOXCRGDF8="},"lastRemoteEphemeralKey":"BaEAujOW1IAlu5PNPz4XDl+1/pUJokrzso9LnVPe5jo0","previousCounter":0,"rootKey":"XsBuOtnMQRcsgJ9gyCvOeeOX/6q5wiVw8MJA+URYZCg="},"indexInfo":{"baseKey":"BVlae+adwn5r7j9wpouO//1uyFEHQHyikMevWUKj1219","baseKeyType":1,"closed":-1,"used":1665017007829,"created":1665017007829,"remoteIdentityKey":"Bdqh3KirTMqkY6nipxQ+sn5NKex33elJ13WRWodxfhMF"},"_chains":{"BSFdGPxciEZM8UAvStIb4xJNCEcLgFInxygHoJKIV+FI":{"chainKey":{"counter":0,"key":"5RdZhc4X5pEqanUjbS2hxptIyF664IGUNn6HmsIILpg="},"chainType":1,"messageKeys":{}}},"pendingPreKey":{"signedKeyId":1,"baseKey":"BVlae+adwn5r7j9wpouO//1uyFEHQHyikMevWUKj1219","preKeyId":1007}}},"version":"v1"}