{"_sessions":{"BXrij6xwHf1mudVFRQn79blBfy5Gkz5cuFumhGAE1fJn":{"registrationId":1816509871,"currentRatchet":{"ephemeralKeyPair":{"pubKey":"BRmhs5KoU5NC+YUaoYjM8GgJ0F1Q0fK1ISnwqrlwt9g6","privKey":"eE6n0vJ3c+7DP0FsXdNZ4ZYthRyjtZHvXNLwmibyEmw="},"lastRemoteEphemeralKey":"BZCS0kEi3SIoe6SiPj1U72cbnaWjlQXIYHO2nxHRS944","previousCounter":0,"rootKey":"+eQK3ay622Jm8p2O/G+P9w8Ylhnz4y2NdQxEBUtQN8Y="},"indexInfo":{"baseKey":"BXrij6xwHf1mudVFRQn79blBfy5Gkz5cuFumhGAE1fJn","baseKeyType":1,"closed":-1,"used":1665017009044,"created":1665017009044,"remoteIdentityKey":"BdLgZyt4KwCaDfZrzk+U76nGYgADlbGf+re5Ze5peHcP"},"_chains":{"BRmhs5KoU5NC+YUaoYjM8GgJ0F1Q0fK1ISnwqrlwt9g6":{"chainKey":{"counter":0,"key":"7x2+fhY8CWWj9fszFWNFN2kxtwGrPYatqa0cYPvFRLQ="},"chainType":1,"messageKeys":{}}},"pendingPreKey":{"signedKeyId":3,"baseKey":"BXrij6xwHf1mudVFRQn79blBfy5Gkz5cuFumhGAE1fJn","preKeyId":4564377}}},"version":"v1"}