{"_sessions":{"BW0Zi8B+ZYOy1Jk7Z8QEAGIlL4wbQpNDp9WYEx0yGDYN":{"registrationId":2009982426,"currentRatchet":{"ephemeralKeyPair":{"pubKey":"BbVUwr0MEeGo+8VeNmW5N7xGr8qHsXXbBXWTf1J+HKV7","privKey":"SA31ayh2ToeNmL5F54hIJkhvumN5/qtVov7MMojSbl8="},"lastRemoteEphemeralKey":"BY5pwKKiC7ZIpY5p7XCWSeos3POgtD9VHIigQM9TrzEB","previousCounter":0,"rootKey":"SHdti4HlfquIVMBWa/QgstS1mgbiO21WlFYtEyAN6pQ="},"indexInfo":{"baseKey":"BW0Zi8B+ZYOy1Jk7Z8QEAGIlL4wbQpNDp9WYEx0yGDYN","baseKeyType":1,"closed":-1,"used":1665017643577,"created":1665017009432,"remoteIdentityKey":"BZ0/epj2GTDu3Z0CcN0IJEX0Od+Bijq2ggsGqYiBrBZw"},"_chains":{"BY5pwKKiC7ZIpY5p7XCWSeos3POgtD9VHIigQM9TrzEB":{"chainKey":{"counter":0,"key":"P8eQAcGx233YncC1Nzebols/xKKPRaacdp0vEwDK36k="},"chainType":2,"messageKeys":{}},"BbVUwr0MEeGo+8VeNmW5N7xGr8qHsXXbBXWTf1J+HKV7":{"chainKey":{"counter":-1,"key":"AHs/ovF+An3f6WjCyG7X7kMKAG7Pn/g2l6rhvUF5J6w="},"chainType":1,"messageKeys":{}}}}},"version":"v1"}