{"_sessions":{"BfqK5HvORiVX+Ybi0GzQ2Gr8ZdtHVqPFhKgmviIlnjwH":{"registrationId":1289055680,"currentRatchet":{"ephemeralKeyPair":{"pubKey":"BRisxSGpkPZN6pjTW02LuF/xQlRwviyl8v8F/q/v3OwR","privKey":"sEgzKBrSDjpuS6zQt3moKbbuVSF9BSWxiaDEiBWJI1w="},"lastRemoteEphemeralKey":"BRlqD5U7+H/tOwz5Dq17JJhjcc+tufnvPO1t6Vw1RlhG","previousCounter":0,"rootKey":"2cER+Tl9LmH5Y/Pw+hBoC39qo/GdTynle3a3KUUB+eI="},"indexInfo":{"baseKey":"BfqK5HvORiVX+Ybi0GzQ2Gr8ZdtHVqPFhKgmviIlnjwH","baseKeyType":2,"closed":1665030035431,"used":1665029959909,"created":1665016461118,"remoteIdentityKey":"BfLe879Ye1ILTS3Dk+7xrNxgAz/LaXacEZTK6QwoKbEv"},"_chains":{"BS4lqD7yhSNHYGiKhDayWHokM7cPJnh7/EeUDmUB67gd":{"chainKey":{"counter":0},"chainType":2,"messageKeys":{}},"BWG02fI97G0bFYsb1IVUijE6VYz9/ho5yr8OBxs5CPkX":{"chainKey":{"counter":5},"chainType":2,"messageKeys":{"3":"je4hO1RBU8izoQwSeuA/5J4+Vs68lPmxCNlc8IYktbc=","4":"AzrfBHcsf8tmY1s1uEwdRItQN0PKL1DFtdrEXFuI6UI="}},"BeW3DEPFxMeQ8kWnTzvO+7yt0d63NJRaMivOjBSVJYYw":{"chainKey":{"counter":3},"chainType":2,"messageKeys":{}},"BRlqD5U7+H/tOwz5Dq17JJhjcc+tufnvPO1t6Vw1RlhG":{"chainKey":{"counter":13,"key":"vYomNQhYnGmPp9HAqoh9+aN/cQckN9QEHNvOI6gzvEo="},"chainType":2,"messageKeys":{}},"BRisxSGpkPZN6pjTW02LuF/xQlRwviyl8v8F/q/v3OwR":{"chainKey":{"counter":0,"key":"Ic6vXZ6mPPb+mUZ0vBF8mfCw3wskqJhEWuOtwiezYzw="},"chainType":1,"messageKeys":{}}}},"BUuW2v1KDWTm8sdRRhF1Tak6IY/hTHcljKHEdSIUR6F9":{"registrationId":1289055680,"currentRatchet":{"ephemeralKeyPair":{"pubKey":"BZhZfR7mbfhXtnz6N8HmJzv8xaXxX6otrmRrEKspNeI6","privKey":"KEZ+dEcL4iXyD90Wtqu30te7MMfipuu8ojJQ41PSxGQ="},"lastRemoteEphemeralKey":"BfZRI78wtS38WwBSXB7cHiCqzUTkN6bt6ATTVzt1cUBL","previousCounter":0,"rootKey":"5X23z5XsQXpI+1v1nvbCGTRAi0WvkdyfmsxhlQ+d4mc="},"indexInfo":{"baseKey":"BUuW2v1KDWTm8sdRRhF1Tak6IY/hTHcljKHEdSIUR6F9","baseKeyType":1,"closed":1665030112230,"used":1665030035410,"created":1665030035410,"remoteIdentityKey":"BfLe879Ye1ILTS3Dk+7xrNxgAz/LaXacEZTK6QwoKbEv"},"_chains":{"BZhZfR7mbfhXtnz6N8HmJzv8xaXxX6otrmRrEKspNeI6":{"chainKey":{"counter":-1,"key":"0ia+a1fLVjQwoKYTm7gvCT7VCckbqTG/EkZVU3UxAvg="},"chainType":1,"messageKeys":{}}},"pendingPreKey":{"signedKeyId":13,"baseKey":"BUuW2v1KDWTm8sdRRhF1Tak6IY/hTHcljKHEdSIUR6F9","preKeyId":5446721}},"Ba7QEjZGnA2anEiZnI7xT2gUh6L2aBxpJ5hUd11qO+N0":{"registrationId":1289055680,"currentRatchet":{"ephemeralKeyPair":{"pubKey":"BSn4knQVP1Y9pBgJokxHV0mqYqljGKTNZOgEcIlFNbRy","privKey":"UIc1u10pyvQPFhyXQWZ1QRr/ZEvm82NfDKnOxMgwMWc="},"lastRemoteEphemeralKey":"BfZRI78wtS38WwBSXB7cHiCqzUTkN6bt6ATTVzt1cUBL","previousCounter":0,"rootKey":"VzjTqUQdSlXGljKB4wBMC+eKYtY0mhBslGZYI9tB8ho="},"indexInfo":{"baseKey":"Ba7QEjZGnA2anEiZnI7xT2gUh6L2aBxpJ5hUd11qO+N0","baseKeyType":1,"closed":1665030147067,"used":1665030112214,"created":1665030112214,"remoteIdentityKey":"BfLe879Ye1ILTS3Dk+7xrNxgAz/LaXacEZTK6QwoKbEv"},"_chains":{"BSn4knQVP1Y9pBgJokxHV0mqYqljGKTNZOgEcIlFNbRy":{"chainKey":{"counter":-1,"key":"CLK6JgxzLASJpWkSJpagR6E9vSG3yOykoxQ3h2AJ/yI="},"chainType":1,"messageKeys":{}}},"pendingPreKey":{"signedKeyId":13,"baseKey":"Ba7QEjZGnA2anEiZnI7xT2gUh6L2aBxpJ5hUd11qO+N0","preKeyId":5447189}},"BVnNBwWv7nTnEZnMhthbpfjDhYQLYrH5RmpwE1k/3CBS":{"registrationId":1289055680,"currentRatchet":{"ephemeralKeyPair":{"pubKey":"BaUesenfNFVa0+idjDDYhcceAOXHCXDJgFm60ddA7ZsO","privKey":"mA8v0JVKY1d2kBqtutW700hpvske9b+O2YOqnS/61FU="},"lastRemoteEphemeralKey":"BfZRI78wtS38WwBSXB7cHiCqzUTkN6bt6ATTVzt1cUBL","previousCounter":0,"rootKey":"oipUldcBSixJwK/zkEa+wByG7blJDGC3S2DmF36lLV4="},"indexInfo":{"baseKey":"BVnNBwWv7nTnEZnMhthbpfjDhYQLYrH5RmpwE1k/3CBS","baseKeyType":1,"closed":1665030214501,"used":1665030147050,"created":1665030147050,"remoteIdentityKey":"BfLe879Ye1ILTS3Dk+7xrNxgAz/LaXacEZTK6QwoKbEv"},"_chains":{"BaUesenfNFVa0+idjDDYhcceAOXHCXDJgFm60ddA7ZsO":{"chainKey":{"counter":-1,"key":"cnM2BCRq+tuuyqDtjXbFqVA3YJYfSTW0KOL9+96fE2E="},"chainType":1,"messageKeys":{}}},"pendingPreKey":{"signedKeyId":13,"baseKey":"BVnNBwWv7nTnEZnMhthbpfjDhYQLYrH5RmpwE1k/3CBS","preKeyId":5447139}},"BambtDpTUcVbpquNPv5XOgaJu3vgSWxXiRj69vUO8Nxp":{"registrationId":1289055680,"currentRatchet":{"ephemeralKeyPair":{"pubKey":"BWn2rZerow/pMbXchMkHMn/pKxwUDTYzBGZAXybZrisy","privKey":"QOWUFvrr/vz2KqBow6w5hhGs2FzjuhI+Fqy+gDkCCFY="},"lastRemoteEphemeralKey":"BfZRI78wtS38WwBSXB7cHiCqzUTkN6bt6ATTVzt1cUBL","previousCounter":0,"rootKey":"9knhvK5g6C3EOehox3rW5XWU11bzkjPhY+Zabd6jb68="},"indexInfo":{"baseKey":"BambtDpTUcVbpquNPv5XOgaJu3vgSWxXiRj69vUO8Nxp","baseKeyType":1,"closed":1665030239065,"used":1665030214271,"created":1665030214270,"remoteIdentityKey":"BfLe879Ye1ILTS3Dk+7xrNxgAz/LaXacEZTK6QwoKbEv"},"_chains":{"BWn2rZerow/pMbXchMkHMn/pKxwUDTYzBGZAXybZrisy":{"chainKey":{"counter":-1,"key":"hX88N79FBiaOWqQ/l4oLidt9Gkt5htPFpJvfU9ZUpuM="},"chainType":1,"messageKeys":{}}},"pendingPreKey":{"signedKeyId":13,"baseKey":"BambtDpTUcVbpquNPv5XOgaJu3vgSWxXiRj69vUO8Nxp","preKeyId":5447134}},"BatOLrzJocsjTldmjuKLcUBUbZvI/HfMqnbzfd7YFUlQ":{"registrationId":1289055680,"currentRatchet":{"ephemeralKeyPair":{"pubKey":"BS/uTg1RLvR2XgxNlJWRrdZDWfKbuPUZQkp1cFE0b0NB","privKey":"SCQHJwfyctqy05yvf5mZ+3q8HacWhNz7QBcyICs3Xn4="},"lastRemoteEphemeralKey":"BfZRI78wtS38WwBSXB7cHiCqzUTkN6bt6ATTVzt1cUBL","previousCounter":0,"rootKey":"Cd7/7UsqBESdC5IUv3lQpq0cTRUZolV6ktm/6wVo988="},"indexInfo":{"baseKey":"BatOLrzJocsjTldmjuKLcUBUbZvI/HfMqnbzfd7YFUlQ","baseKeyType":1,"closed":-1,"used":1665030239048,"created":1665030239048,"remoteIdentityKey":"BfLe879Ye1ILTS3Dk+7xrNxgAz/LaXacEZTK6QwoKbEv"},"_chains":{"BS/uTg1RLvR2XgxNlJWRrdZDWfKbuPUZQkp1cFE0b0NB":{"chainKey":{"counter":-1,"key":"JQG5NO7N17wSEsfKGn1BeI4RsKkm9dPXoBpzxiyhzsY="},"chainType":1,"messageKeys":{}}},"pendingPreKey":{"signedKeyId":13,"baseKey":"BatOLrzJocsjTldmjuKLcUBUbZvI/HfMqnbzfd7YFUlQ","preKeyId":5447079}}},"version":"v1"}