{"_sessions":{"BQigPMx3Kq7+pGEj3TedJq+jItPmoUvEfZ0nC42DRw9u":{"registrationId":1113701611,"currentRatchet":{"ephemeralKeyPair":{"pubKey":"BQrqilMb4n0yOAZ9ysCsahXX5HvmL0PrxiwifffIfphh","privKey":"qF9UdkkzcpCON2wECSaf/dh6pDwGDiFl+poChEIO70w="},"lastRemoteEphemeralKey":"BcUrmja9x3aTDHzw2EC9ju5N+iQfrgQLXZMGdTCwR59X","previousCounter":0,"rootKey":"Aa41WLzUQktx8Ruu4QlR2gIC2+C6w72qFxlXCpMQcf0="},"indexInfo":{"baseKey":"BQigPMx3Kq7+pGEj3TedJq+jItPmoUvEfZ0nC42DRw9u","baseKeyType":1,"closed":-1,"used":1665017008468,"created":1665017008468,"remoteIdentityKey":"Be0pXZvH2uVgoMFvudvV5zQB2lXw9fTp8Xp6Km6MwTxq"},"_chains":{"BQrqilMb4n0yOAZ9ysCsahXX5HvmL0PrxiwifffIfphh":{"chainKey":{"counter":0,"key":"ihTbs9Lw2iEA73Ik64HvSc7PnuNfbpkWIMjsGT+3iWU="},"chainType":1,"messageKeys":{}}},"pendingPreKey":{"signedKeyId":2,"baseKey":"BQigPMx3Kq7+pGEj3TedJq+jItPmoUvEfZ0nC42DRw9u","preKeyId":4791839}}},"version":"v1"}