{"_sessions":{"BZVQZO5moBM8/wym9UyehD6Q3mFA3hL9jFhcodxTSkNu":{"registrationId":1418427535,"currentRatchet":{"ephemeralKeyPair":{"pubKey":"BZzckiwVqsilfTM+bM5ZGypfEW/j5YEqbPuCV61G01Uz","privKey":"oFMNfEVI37PDYQBvHqgLkY3KrEEI6PJLxyLrqN7dn1U="},"lastRemoteEphemeralKey":"BWFWzXs7jmpve8DVT847GSqhsv/eSe6NIn5LBRtZv903","previousCounter":0,"rootKey":"sdz2oHAOrdDyJEstBlsfq3TVKVCH0AFt1CnAxBIDTW4="},"indexInfo":{"baseKey":"BZVQZO5moBM8/wym9UyehD6Q3mFA3hL9jFhcodxTSkNu","baseKeyType":2,"closed":-1,"used":1665018335027,"created":1665018335027,"remoteIdentityKey":"BSV3s0PAfAzjxDmQJA48QPEt505L5T843d/XNoeUvxA4"},"_chains":{"BWFWzXs7jmpve8DVT847GSqhsv/eSe6NIn5LBRtZv903":{"chainKey":{"counter":0,"key":"8kQw9qMoITIKJH/slSjctSBbip7SNb2vCthQujX41Kk="},"chainType":2,"messageKeys":{}},"BZzckiwVqsilfTM+bM5ZGypfEW/j5YEqbPuCV61G01Uz":{"chainKey":{"counter":0,"key":"bgvJhfPLScppjPzdxNJlntAbXIj4Nr58RRdBPnV9hrg="},"chainType":1,"messageKeys":{}}}}},"version":"v1"}