{"_sessions":{"BcIjOScFwCU/0Xp2cigWztqqUl6KrOnKSRGRSUJ0ZBhq":{"registrationId":1863293263,"currentRatchet":{"ephemeralKeyPair":{"pubKey":"BeiLnNCBnPKr8gHvaqSAqJTJ94rmC/RlZQfxnM4ZZRdp","privKey":"YKPlqnqfR1AQGsbntB7ec7gI4VQCurzmwvDpETGZFno="},"lastRemoteEphemeralKey":"BTx40ZxACF1wZZq0DZEjNSk01y+DsBwza3zAHPCFUH8C","previousCounter":0,"rootKey":"Qak2bNn89GagSwAnVJ8UNrdPmW2FdLPV9h+dJMMmums="},"indexInfo":{"baseKey":"BcIjOScFwCU/0Xp2cigWztqqUl6KrOnKSRGRSUJ0ZBhq","baseKeyType":2,"closed":-1,"used":1665020428468,"created":1665020428468,"remoteIdentityKey":"BQEmNG0j2dFAvqRM9mT2XyAV8wNlZrylDl2lDraUpb8f"},"_chains":{"BTx40ZxACF1wZZq0DZEjNSk01y+DsBwza3zAHPCFUH8C":{"chainKey":{"counter":8,"key":"+rMyy0yIcFNvBqtpcasgzw2shPktQLxV/ZPMQW3Dp1g="},"chainType":2,"messageKeys":{}},"BeiLnNCBnPKr8gHvaqSAqJTJ94rmC/RlZQfxnM4ZZRdp":{"chainKey":{"counter":-1,"key":"1kaFmhsTTbWO9lky92AxkKh7VT6dG8UKwKtLIaIuwYE="},"chainType":1,"messageKeys":{}}}}},"version":"v1"}