{"_sessions":{"BVnNjVRh7J4zNi7a8C7h9vb59Os1XUhoC85v9eKplYAm":{"registrationId":159492285,"currentRatchet":{"ephemeralKeyPair":{"pubKey":"BReu6EFCsBfHNVxaa2ywU3l53mDM/lsnwqBX99FZ8ndo","privKey":"cE8WTvEbOru3EgBi4fFnoMGUn9IoMZRJtgu1JLCXSFE="},"lastRemoteEphemeralKey":"BR29L8d6nPa81Ut28coGyS8qCDnAMRMP4qlSvH6av94J","previousCounter":0,"rootKey":"CEiiT6Dwc6ObeR1LBzCyAIzSbf9/WGHm+hZT3EwvTso="},"indexInfo":{"baseKey":"BVnNjVRh7J4zNi7a8C7h9vb59Os1XUhoC85v9eKplYAm","baseKeyType":2,"closed":-1,"used":1665020951687,"created":1665020951687,"remoteIdentityKey":"BV8FiMC8ZE5F+B9hhFfPEyFoB23mEm7N09LIf7FLjXMy"},"_chains":{"BR29L8d6nPa81Ut28coGyS8qCDnAMRMP4qlSvH6av94J":{"chainKey":{"counter":0,"key":"FJiLu5H3REo27uyQzFGvV3+tuG9bV9upa8u9ziVuPLI="},"chainType":2,"messageKeys":{}},"BReu6EFCsBfHNVxaa2ywU3l53mDM/lsnwqBX99FZ8ndo":{"chainKey":{"counter":-1,"key":"G/oEowa5TUNtzsaDZAwO9YAorCt+p78VAouKrlbdOEA="},"chainType":1,"messageKeys":{}}}}},"version":"v1"}