{"_sessions":{"Ba5+spFeTyYGw1k948iXaunjmDaiBDHEbrQjVcY5MSEr":{"registrationId":1052718322,"currentRatchet":{"ephemeralKeyPair":{"pubKey":"BRuYHwhUWLqziWjhW6tNWe57KCxvPgb62wx8jjf2t6l0","privKey":"OIX/MG8nX/10NKEoX2Csb5LJLImbE1QggW8/9MMVzUc="},"lastRemoteEphemeralKey":"BYD6OUdJkiKwYI/AkJ6g6MapKQdRVRHGEENMtQPzwZcn","previousCounter":0,"rootKey":"/AXZMfSR4rzEu8fwBufA+xUIJXwaqy3vRjV7avm9cdg="},"indexInfo":{"baseKey":"Ba5+spFeTyYGw1k948iXaunjmDaiBDHEbrQjVcY5MSEr","baseKeyType":2,"closed":-1,"used":1665028003923,"created":1665028003923,"remoteIdentityKey":"Be5rp8e8YTuD6NfjWCRtbmQgnfB9O8XOpyhupDr6hhIH"},"_chains":{"BYD6OUdJkiKwYI/AkJ6g6MapKQdRVRHGEENMtQPzwZcn":{"chainKey":{"counter":0,"key":"0ec3L2F04OOMfKP+UrwxbS0emv6OnqxWCynmkeWe2/k="},"chainType":2,"messageKeys":{}},"BRuYHwhUWLqziWjhW6tNWe57KCxvPgb62wx8jjf2t6l0":{"chainKey":{"counter":-1,"key":"hOovcZoW9vgxDUXQOBbAAMZLUUL96qvhCDSX4Jzh0+Q="},"chainType":1,"messageKeys":{}}}}},"version":"v1"}