{"_sessions":{"BdyLMaRO8skRBufH/HaAfT9qlrzu+QMdJYGgSlA6lcE/":{"registrationId":1186408763,"currentRatchet":{"ephemeralKeyPair":{"pubKey":"BSMRCzt//hj1kijhJHA/fZuRN2+N5n4TslT4gKVaKud1","privKey":"kCGBdOEv4WqVFwQHoFjjyuzmit70ipZWbwGt9IED9Wo="},"lastRemoteEphemeralKey":"BTh8X+YU9ozRwUWy+VrKbF9/WfvpEIBXJqkqoSU6V1VT","previousCounter":0,"rootKey":"iMoIbHuCxk52wJaFwM/0hJz/IB0l6h+iOCCgAXdhl2E="},"indexInfo":{"baseKey":"BdyLMaRO8skRBufH/HaAfT9qlrzu+QMdJYGgSlA6lcE/","baseKeyType":1,"closed":-1,"used":1665017382178,"created":1665017009779,"remoteIdentityKey":"BaNYGtiev+aidGBS6EsGcnqdLG5guhlABqQT/ZKwV6Zn"},"_chains":{"BTh8X+YU9ozRwUWy+VrKbF9/WfvpEIBXJqkqoSU6V1VT":{"chainKey":{"counter":0,"key":"xPk8f0CPUwFsNtToX9kg/mWhChMGmluCXDkna913IHA="},"chainType":2,"messageKeys":{}},"BSMRCzt//hj1kijhJHA/fZuRN2+N5n4TslT4gKVaKud1":{"chainKey":{"counter":-1,"key":"r1b+9ZFHxbL/asM2m+ZgyfGd4jsFsjQrbQmiD2cjhFQ="},"chainType":1,"messageKeys":{}}}}},"version":"v1"}