{"_sessions":{"BWv1+TK/ObyTDNdGQhrpN96xnjJFuxSJvJyZtnHwVCJO":{"registrationId":488631759,"currentRatchet":{"ephemeralKeyPair":{"pubKey":"BQtpvgRA3CjOgrvOfbpowy1lywuzaA9ptZ524fm7oLgb","privKey":"eIQzuxGjTRLXS+F6myE0YXdbn3g2jsDbA3MQWxe1knE="},"lastRemoteEphemeralKey":"BZKNgBoJvnO/1H8NPmgNJ+e3IIyIiLyb4gYzr2mPnf4/","previousCounter":0,"rootKey":"KnWk1p/JGZ0eALRH5DpcPzPVIWV/iVJPd56n0s2uYN0="},"indexInfo":{"baseKey":"BWv1+TK/ObyTDNdGQhrpN96xnjJFuxSJvJyZtnHwVCJO","baseKeyType":2,"closed":-1,"used":1665025435008,"created":1665016426464,"remoteIdentityKey":"Bd14jhOPCedwc1Ys7BiPDwJePFjSV6rAB1zVEf3R/x0b"},"_chains":{"BYHGqVPakIy2r+UbtligmcTrH04fE0/F9Yhi+RwNrOY4":{"chainKey":{"counter":8},"chainType":2,"messageKeys":{"1":"GlrtyvhOC4cNnGssevtrE1y8uFk+jx/GSXJwcIN3LoM="}},"BZShCUkYylNy+OwlyJhy//VMmrjyGGMA2sJPl9FXCARb":{"chainKey":{"counter":1},"chainType":2,"messageKeys":{}},"BZKNgBoJvnO/1H8NPmgNJ+e3IIyIiLyb4gYzr2mPnf4/":{"chainKey":{"counter":29,"key":"9tqXV+DCZsi+Qsij9Ip0QRq9xxR5mN3o8KQXTFbJa1w="},"chainType":2,"messageKeys":{"25":"xJ+ApXGx9UvhsMx1Mj3uJou6II7+Mq8c7IrlwjFvld4=","26":"Refy2+xdMjeU7TJwFk/vs0XO7CGcYHShsUZBEoDzaR8=","27":"pvwyX8O8GiHr7x5YCH8JoIZPmtG75MJIJm4qPzf+7es=","28":"5aNImi8Tjy7NCTeJWFsLg2Y+lmzccq34sGfoL25ts9s="}},"BQtpvgRA3CjOgrvOfbpowy1lywuzaA9ptZ524fm7oLgb":{"chainKey":{"counter":1,"key":"eiqpDZqxfKNeO38w8Q/VccGnKW+29ux/D0MsmoQThqk="},"chainType":1,"messageKeys":{}}}}},"version":"v1"}