{"_sessions":{"BZlTmyZ92xCp8MlMsQ1CAswvx3aq9VEN+KYVBsFPogdO":{"registrationId":16217,"currentRatchet":{"ephemeralKeyPair":{"pubKey":"Bad3hMJvCqISzPmdIcEeBnZTvq4FS387AMBhxn51E7pO","privKey":"cDgiDNNOQ9qBDOCA0RSiRY/dWeMxKsRyziRAKskGTn8="},"lastRemoteEphemeralKey":"BffiIdBBa6D8e140lY7vEcxvmhrGF3+/gMPcy7+BdsIq","previousCounter":0,"rootKey":"vJ747dHmw4oGpjIn8KBBJr1FdmvFl6O5j/f4/5aWjzs="},"indexInfo":{"baseKey":"BZlTmyZ92xCp8MlMsQ1CAswvx3aq9VEN+KYVBsFPogdO","baseKeyType":1,"closed":-1,"used":1665017007573,"created":1665017007573,"remoteIdentityKey":"BUAftL7zXEYHIAI1FJ8M3+uvlqNif3f8VD4zFlEVKAAu"},"_chains":{"Bad3hMJvCqISzPmdIcEeBnZTvq4FS387AMBhxn51E7pO":{"chainKey":{"counter":0,"key":"xteA719QN32djqGIrkoGV2XgeI7i4fYsNpthGTehSPo="},"chainType":1,"messageKeys":{}}},"pendingPreKey":{"signedKeyId":1,"baseKey":"BZlTmyZ92xCp8MlMsQ1CAswvx3aq9VEN+KYVBsFPogdO","preKeyId":172}}},"version":"v1"}