{"_sessions":{"BeQ/+OzM/PETCorGQAhWJxjpHtvylLNjVUQwK/ACH8kK":{"registrationId":203,"currentRatchet":{"ephemeralKeyPair":{"pubKey":"BUmrKI+3OhDpI03LeY5f4z+g8+T4VxXRePCKMRLKZiIk","privKey":"MGXYVwgH8muNWAEAuXoGrj8F/cN/xzEvui0Km8HzW2M="},"lastRemoteEphemeralKey":"Bc/04VnNcAK09vl8c6+PeYqjlgpkzramvn9UjIAfU29d","previousCounter":0,"rootKey":"AllglKxIYao2dvEFIDHj65OHkA0aDCWpeveYz4CiqGw="},"indexInfo":{"baseKey":"BeQ/+OzM/PETCorGQAhWJxjpHtvylLNjVUQwK/ACH8kK","baseKeyType":1,"closed":-1,"used":1665016590879,"created":1665016590879,"remoteIdentityKey":"BXwAYxJC7KlKjzpP0D9nMGtySJVztnIqoh9OrnMAIXdW"},"_chains":{"BUmrKI+3OhDpI03LeY5f4z+g8+T4VxXRePCKMRLKZiIk":{"chainKey":{"counter":3,"key":"kTiYcPIwhf45ehsZ2tePN41bSht9N/Tto6AbdHpFp3Y="},"chainType":1,"messageKeys":{}}},"pendingPreKey":{"signedKeyId":1,"baseKey":"BeQ/+OzM/PETCorGQAhWJxjpHtvylLNjVUQwK/ACH8kK","preKeyId":98}}},"version":"v1"}