{"_sessions":{"BbIzHdpDTxHlwVGIRToQgy6ELyynWfmCP1hBh46SjvJY":{"registrationId":2019832769,"currentRatchet":{"ephemeralKeyPair":{"pubKey":"BbAopYJ4D1+o83uPwTpjFuCrnOysTHCUmmx6mxA3AopI","privKey":"iIkuYuCakZooQxmP1YULLl6BkF6FFYqXbHmt99H7r3E="},"lastRemoteEphemeralKey":"BS8PJ+imZKZ8pEwsdgHsGnEAm0zS8Wprm5B0pcwW3CUg","previousCounter":0,"rootKey":"4TEUTwov0EhQbjhh7AUeZh2U8hpHoYdRbmgwWpxW/hA="},"indexInfo":{"baseKey":"BbIzHdpDTxHlwVGIRToQgy6ELyynWfmCP1hBh46SjvJY","baseKeyType":1,"closed":-1,"used":1665017009530,"created":1665017009530,"remoteIdentityKey":"BSO/EI6Z+qzmELaXSxb7LOI2td/iEEq7s7R29wUAlI42"},"_chains":{"BbAopYJ4D1+o83uPwTpjFuCrnOysTHCUmmx6mxA3AopI":{"chainKey":{"counter":0,"key":"CQg/z213CMHINxfzdCaYBM5CmrY95QNN+9J6mqlsJY4="},"chainType":1,"messageKeys":{}}},"pendingPreKey":{"signedKeyId":26,"baseKey":"BbIzHdpDTxHlwVGIRToQgy6ELyynWfmCP1hBh46SjvJY","preKeyId":6747616}}},"version":"v1"}