{"_sessions":{"BS3dYtlHvyiyPIdeouCufNdIAQ8iGaWJLOajkLhp7vxr":{"registrationId":335459230,"currentRatchet":{"ephemeralKeyPair":{"pubKey":"BXSwW5YN4d+mvsZFHdoTDjg8HBHVPoBsQ0+RhMHzVjZ6","privKey":"YJ7G1D5aVC7ebFVXgtjQX25hHUgSRSA8BtHAieyhbG8="},"lastRemoteEphemeralKey":"BfKuOze0wh5PXx1wK/DmpO2P1YopYP7zWeBRBK2DNG9B","previousCounter":0,"rootKey":"apw7FTa2pngmhgZQfkYWx+43tGpKGMI8e9XLwbhYOWo="},"indexInfo":{"baseKey":"BS3dYtlHvyiyPIdeouCufNdIAQ8iGaWJLOajkLhp7vxr","baseKeyType":2,"closed":-1,"used":1665016752089,"created":1665016752089,"remoteIdentityKey":"BXFUYAQCAZQw4gkfXSdPBQa6/nEqwR7P0/tG6gBJZhVz"},"_chains":{"BfKuOze0wh5PXx1wK/DmpO2P1YopYP7zWeBRBK2DNG9B":{"chainKey":{"counter":0,"key":"/LxkwD381HXWnfdYihsnISeF9V1Yb+d33fUL52Qew2k="},"chainType":2,"messageKeys":{}},"BXSwW5YN4d+mvsZFHdoTDjg8HBHVPoBsQ0+RhMHzVjZ6":{"chainKey":{"counter":-1,"key":"R1TKgKa1dbhdUyESYZYgPgCTqlsG3KEe80xwu+ZdhE4="},"chainType":1,"messageKeys":{}}}}},"version":"v1"}