{"_sessions":{"BTSVQ8T4t2OcrkBCyr2omwsNJU6G4A3legpoHjc+8tZ0":{"registrationId":1494760320,"currentRatchet":{"ephemeralKeyPair":{"pubKey":"BV9gHkwjP4RpTmU9Dpo2jPvTg0tOWqoDrARzdAb1gg0S","privKey":"+Mi/1EAc03nKMX8osngqAtn/XhSHVHfrJ1eYZBbZ120="},"lastRemoteEphemeralKey":"BasS+PGupfWloIi7c1fnp474yd35FEK3S0V3JThYLVIB","previousCounter":0,"rootKey":"tMBM7BVuF8Z9tMGHVm0DLpf/E97j8rMOuH6OEGxptZk="},"indexInfo":{"baseKey":"BTSVQ8T4t2OcrkBCyr2omwsNJU6G4A3legpoHjc+8tZ0","baseKeyType":1,"closed":-1,"used":1665025924235,"created":1665025924235,"remoteIdentityKey":"BRl4GF5JC1TKu5RW9VNWboSO0ypbrmIwyCnmc/Elq996"},"_chains":{"BV9gHkwjP4RpTmU9Dpo2jPvTg0tOWqoDrARzdAb1gg0S":{"chainKey":{"counter":0,"key":"malXf/GbRxi2kfrAWJq20v1hpYAx6K8J0KFtZ0fhL04="},"chainType":1,"messageKeys":{}}},"pendingPreKey":{"signedKeyId":1,"baseKey":"BTSVQ8T4t2OcrkBCyr2omwsNJU6G4A3legpoHjc+8tZ0","preKeyId":9731855}}},"version":"v1"}