{"_sessions":{"BSEO3qaobJGXoS6wifqnDlUDj8eSkUiYi9WFuYvNfeZQ":{"registrationId":1682086824,"currentRatchet":{"ephemeralKeyPair":{"pubKey":"BQxJ18xYXTrrXbn/uk3CiVDz0ZF6ORWtk4Czu4gJDTAo","privKey":"UJJgO6azU8IkExF12yv0z2ttjGlXn48NeU5BE0xgM1c="},"lastRemoteEphemeralKey":"BdqSJUusbzKw4uMUrpmm5V6HWKbuLipha50JwzvT6Ml3","previousCounter":0,"rootKey":"kcm4qfh+rX+O5LIMmM3ZOimHCKnJeBuXWesQpetx2To="},"indexInfo":{"baseKey":"BSEO3qaobJGXoS6wifqnDlUDj8eSkUiYi9WFuYvNfeZQ","baseKeyType":1,"closed":-1,"used":1665017008615,"created":1665017008615,"remoteIdentityKey":"BSTiTYXC+SHewVj71E2mMtHZV9GdtSUbskDQb9mOZHsg"},"_chains":{"BQxJ18xYXTrrXbn/uk3CiVDz0ZF6ORWtk4Czu4gJDTAo":{"chainKey":{"counter":0,"key":"mMAv/t9o0thJNxKKCXeMAKLTdf2vkgzHeWJmS3u15mA="},"chainType":1,"messageKeys":{}}},"pendingPreKey":{"signedKeyId":8,"baseKey":"BSEO3qaobJGXoS6wifqnDlUDj8eSkUiYi9WFuYvNfeZQ","preKeyId":5823585}}},"version":"v1"}