{"_sessions":{"Bc1+ogJFkBmIVzHzCavUNrCRNF3sNnyJIPbse4E0NblE":{"registrationId":1196407290,"currentRatchet":{"ephemeralKeyPair":{"pubKey":"Bfpvg2JedU/oW1slbsCsGiKJ0obsh7iYexIzner67LQk","privKey":"GPf4I8nlAnBOmpnESkJhwawo+0OFzgpf04pOXcFGE1M="},"lastRemoteEphemeralKey":"BfVZCiGTRvXWLy73nSMIbglttOJH2IIa19mjqkjG0vNQ","previousCounter":0,"rootKey":"/6c3X7PjKWnfNf67hdoC6w/fY6oZ6Dxy3uYjDA1nRq4="},"indexInfo":{"baseKey":"Bc1+ogJFkBmIVzHzCavUNrCRNF3sNnyJIPbse4E0NblE","baseKeyType":1,"closed":-1,"used":1665017009186,"created":1665017009186,"remoteIdentityKey":"Bb6LQQewG0Dj6b4BIpSOQ0koV6NcQS8lGtrjrQ3/VOpe"},"_chains":{"Bfpvg2JedU/oW1slbsCsGiKJ0obsh7iYexIzner67LQk":{"chainKey":{"counter":0,"key":"aHOON3/TvLxTWegUfiaC3FTPGPpeoZD3p4AnDp7f1AE="},"chainType":1,"messageKeys":{}}},"pendingPreKey":{"signedKeyId":3,"baseKey":"Bc1+ogJFkBmIVzHzCavUNrCRNF3sNnyJIPbse4E0NblE","preKeyId":8861599}}},"version":"v1"}