{"_sessions":{"BcjTu0SSDkIXt6M/IMEmTb1VL8dz8hBTQWKuU4rS3uID":{"registrationId":6062,"currentRatchet":{"ephemeralKeyPair":{"pubKey":"BXA2ypTMVLUwLLPPKekLs2f6qCS86k6gDhnOrnaZvUZ5","privKey":"+EyWXX2UZj3/SQK5Zh4nfxCLgJIP0obi2H1zLiurbUI="},"lastRemoteEphemeralKey":"BR6hdtugbsQnAtfjUAhcelkTDa1BsQELaqoNXeOYOpRL","previousCounter":0,"rootKey":"N7I3Yi65I3hWKlKjpi5TIZgIKs5ZpS76ag9qWeXp6sY="},"indexInfo":{"baseKey":"BcjTu0SSDkIXt6M/IMEmTb1VL8dz8hBTQWKuU4rS3uID","baseKeyType":1,"closed":-1,"used":1665017007879,"created":1665017007879,"remoteIdentityKey":"BXvfW6EqzUqYslKOi30XAhmfQpiGmbbjfkJIV+kq8JkF"},"_chains":{"BXA2ypTMVLUwLLPPKekLs2f6qCS86k6gDhnOrnaZvUZ5":{"chainKey":{"counter":0,"key":"WFXytkf1LwL40soVDT4HRbyq3GU9NB6oYWb0m9qiZ4w="},"chainType":1,"messageKeys":{}}},"pendingPreKey":{"signedKeyId":1,"baseKey":"BcjTu0SSDkIXt6M/IMEmTb1VL8dz8hBTQWKuU4rS3uID","preKeyId":387}}},"version":"v1"}