{"_sessions":{"BdbbQ6l0vNEbGZZ7IBY156OoII48UNG6gqWI5Ai14Dxb":{"registrationId":1675714841,"currentRatchet":{"ephemeralKeyPair":{"pubKey":"BaQhUdfufhTe2u4eM+tgsSohs+iH3yMJ6RTBn06oP/4R","privKey":"8G+/jxAJI5HV7scKj0lNA9B7koHB7raQ5sExT8QKOmw="},"lastRemoteEphemeralKey":"Bbzc0karQA9ip9G8gBfYhJC7UDMQOoQ/ntD5MGPSllVa","previousCounter":0,"rootKey":"Y0tatn4ISlzqEaD9/Dsp2TCKujKhRL38nXo+tNuztvU="},"indexInfo":{"baseKey":"BdbbQ6l0vNEbGZZ7IBY156OoII48UNG6gqWI5Ai14Dxb","baseKeyType":1,"closed":1665030033373,"used":1665017008125,"created":1665017008125,"remoteIdentityKey":"BSWDsfGz4DLoIOJ4isLNxtpLLI8uhSvtt6rWWXLzUf1W"},"_chains":{"BaQhUdfufhTe2u4eM+tgsSohs+iH3yMJ6RTBn06oP/4R":{"chainKey":{"counter":0,"key":"GYYGhF7mNFGSpZS5j1UJHB1ynEHGY7f8reXn2RrOtx0="},"chainType":1,"messageKeys":{}}},"pendingPreKey":{"signedKeyId":0,"baseKey":"BdbbQ6l0vNEbGZZ7IBY156OoII48UNG6gqWI5Ai14Dxb","preKeyId":224292}},"BavJ4srMO4+6WHmlwWzwSwZQ50SFTTPqgBw7GbMklm8E":{"registrationId":955649570,"currentRatchet":{"ephemeralKeyPair":{"pubKey":"BfNyCFMHbkXVA+AdgvX0yyaf1nDZtZWZljUYegNAqDtE","privKey":"MLp+KCql2qBZlMII3Wg8IOZbHHpRtvqI4QgFWgEbrlk="},"lastRemoteEphemeralKey":"BXimqpi+W4WEP2A+g9925sCZASBFLUl+K2AFLkBVwB8H","previousCounter":0,"rootKey":"3wqlQdqTAGL/nS6nsyKxt1e1iZgFKg2doOWFRSnCBrk="},"indexInfo":{"baseKey":"BavJ4srMO4+6WHmlwWzwSwZQ50SFTTPqgBw7GbMklm8E","baseKeyType":1,"closed":1665030111177,"used":1665030033322,"created":1665030033322,"remoteIdentityKey":"BRdd1zVD8yObnmvp5APq+vXz8i/i2OPD0ezB4NBtlm1F"},"_chains":{"BfNyCFMHbkXVA+AdgvX0yyaf1nDZtZWZljUYegNAqDtE":{"chainKey":{"counter":-1,"key":"96ySJiS843WMfD8dGFF1yuO4WkwBbw72U+Adb3My+mM="},"chainType":1,"messageKeys":{}}},"pendingPreKey":{"signedKeyId":0,"baseKey":"BavJ4srMO4+6WHmlwWzwSwZQ50SFTTPqgBw7GbMklm8E","preKeyId":1582632}},"BRY+i/Kr+g2tUFQU1RG50HU/mU0zMqdcDJ5rDijCY71K":{"registrationId":955649570,"currentRatchet":{"ephemeralKeyPair":{"pubKey":"Be4UJM1Ney938nZbGSsO5Sqoq4MstPdkVFrLjfUBKJV6","privKey":"6BdXsStBPBGkPAYxKWT3Zg1uRhoZP5Nz01I4GQOKmks="},"lastRemoteEphemeralKey":"BXimqpi+W4WEP2A+g9925sCZASBFLUl+K2AFLkBVwB8H","previousCounter":0,"rootKey":"yY/G/jps7l+nxB0ciXMOq09TsLvaiQC+Ybq/c7tqG+U="},"indexInfo":{"baseKey":"BRY+i/Kr+g2tUFQU1RG50HU/mU0zMqdcDJ5rDijCY71K","baseKeyType":1,"closed":1665030144972,"used":1665030111154,"created":1665030111154,"remoteIdentityKey":"BRdd1zVD8yObnmvp5APq+vXz8i/i2OPD0ezB4NBtlm1F"},"_chains":{"Be4UJM1Ney938nZbGSsO5Sqoq4MstPdkVFrLjfUBKJV6":{"chainKey":{"counter":-1,"key":"fWyJ6GtwbNrFpGd79XaThl+WTMTVGRT/rz5QjEMZ4Zg="},"chainType":1,"messageKeys":{}}},"pendingPreKey":{"signedKeyId":0,"baseKey":"BRY+i/Kr+g2tUFQU1RG50HU/mU0zMqdcDJ5rDijCY71K","preKeyId":1582650}},"BVlsc+sy/VtijUptwTDq9eyaL9N9J8JtSB2JpQA837oy":{"registrationId":955649570,"currentRatchet":{"ephemeralKeyPair":{"pubKey":"BXkGNr7y+SUc4zha6xT2KWDcIIRc7TylK+sv04ITU9YL","privKey":"sMwi2JDdWep1/hV+tjVfAr7y/1sXM+BccfW2QPN3FEY="},"lastRemoteEphemeralKey":"BXimqpi+W4WEP2A+g9925sCZASBFLUl+K2AFLkBVwB8H","previousCounter":0,"rootKey":"sLKa/ouqEYxLdu20DA7xiMHA2ExDfZkcA91Ouysrypo="},"indexInfo":{"baseKey":"BVlsc+sy/VtijUptwTDq9eyaL9N9J8JtSB2JpQA837oy","baseKeyType":1,"closed":1665030213439,"used":1665030144953,"created":1665030144953,"remoteIdentityKey":"BRdd1zVD8yObnmvp5APq+vXz8i/i2OPD0ezB4NBtlm1F"},"_chains":{"BXkGNr7y+SUc4zha6xT2KWDcIIRc7TylK+sv04ITU9YL":{"chainKey":{"counter":-1,"key":"IG68d3A3Mk078wR9DgRDCZWyqNU184eFh58xNu3uMCk="},"chainType":1,"messageKeys":{}}},"pendingPreKey":{"signedKeyId":0,"baseKey":"BVlsc+sy/VtijUptwTDq9eyaL9N9J8JtSB2JpQA837oy","preKeyId":1583309}},"Bal7E2PWI/E1hHGLmSOgkNQvrXlNsz0GfULFl6bvA+Jo":{"registrationId":955649570,"currentRatchet":{"ephemeralKeyPair":{"pubKey":"Bf4lHQopW6HrRJlBNT7pyeTXZlxZcwg3YAKYAghx8hZu","privKey":"uLSbYqOVGDfIfNhJJH3zTlFZ8/35CLE5oSXMcCkr02U="},"lastRemoteEphemeralKey":"BXimqpi+W4WEP2A+g9925sCZASBFLUl+K2AFLkBVwB8H","previousCounter":0,"rootKey":"WgM9zRO/ZRBj/36mkAAWOJ8QIuVG5fHRgWgf/FxV0z0="},"indexInfo":{"baseKey":"Bal7E2PWI/E1hHGLmSOgkNQvrXlNsz0GfULFl6bvA+Jo","baseKeyType":1,"closed":1665030236799,"used":1665030213413,"created":1665030213413,"remoteIdentityKey":"BRdd1zVD8yObnmvp5APq+vXz8i/i2OPD0ezB4NBtlm1F"},"_chains":{"Bf4lHQopW6HrRJlBNT7pyeTXZlxZcwg3YAKYAghx8hZu":{"chainKey":{"counter":-1,"key":"HvoWWEgTpFvRVzGkqJ65PAwRqsQHOmS8OyglWwlhg/8="},"chainType":1,"messageKeys":{}}},"pendingPreKey":{"signedKeyId":0,"baseKey":"Bal7E2PWI/E1hHGLmSOgkNQvrXlNsz0GfULFl6bvA+Jo","preKeyId":1583341}},"BR86OEGxoAD9FtlKN4Tw6wCfxkDrzYVtVfMD7I33lz5z":{"registrationId":955649570,"currentRatchet":{"ephemeralKeyPair":{"pubKey":"BfBdo6YxqckGMb1aoeNhWs2AHX9JMy9HgqmnBLEUqWd7","privKey":"cEyAOqirnmzO0RThKLaogCgVZ5EDG3to3m4aZfCmsHE="},"lastRemoteEphemeralKey":"BXimqpi+W4WEP2A+g9925sCZASBFLUl+K2AFLkBVwB8H","previousCounter":0,"rootKey":"wCQSVySKL+eEUAWAjOSFXokfRBB1ppKDLh9somJTkhE="},"indexInfo":{"baseKey":"BR86OEGxoAD9FtlKN4Tw6wCfxkDrzYVtVfMD7I33lz5z","baseKeyType":1,"closed":-1,"used":1665030236731,"created":1665030236731,"remoteIdentityKey":"BRdd1zVD8yObnmvp5APq+vXz8i/i2OPD0ezB4NBtlm1F"},"_chains":{"BfBdo6YxqckGMb1aoeNhWs2AHX9JMy9HgqmnBLEUqWd7":{"chainKey":{"counter":-1,"key":"n+q+XDQKERAOb3FvoMoiT7I2hg0D8VSFm+ZfoxYF8bM="},"chainType":1,"messageKeys":{}}},"pendingPreKey":{"signedKeyId":0,"baseKey":"BR86OEGxoAD9FtlKN4Tw6wCfxkDrzYVtVfMD7I33lz5z","preKeyId":1582668}}},"version":"v1"}