{"_sessions":{"BYoIYjJ3LxajRz6orWlh8j57u9Ev1WuyUoUw/v8RZzgM":{"registrationId":561045774,"currentRatchet":{"ephemeralKeyPair":{"pubKey":"BTwkpPOKH7dPP6d/PuO/b5HEQFbifX1GAL+SeYS5f3t2","privKey":"iAlLn9eHPG0lh1Hnm04CUKjlxgdACnX5eMTOSeBe924="},"lastRemoteEphemeralKey":"BVHU6MaxLahXsudfpFVllk9/3rdnOFC6HhHnPmmluhIO","previousCounter":0,"rootKey":"9V7V7R4Oly0QyXlucW7ocD+vE4J+3nrJW1/ja0OdV+w="},"indexInfo":{"baseKey":"BYoIYjJ3LxajRz6orWlh8j57u9Ev1WuyUoUw/v8RZzgM","baseKeyType":1,"closed":-1,"used":1665021499062,"created":1665017009334,"remoteIdentityKey":"BbOAEzm6vlY3VH+k2hfKy4yAtKG/mF1CvBfLwg4ckGIy"},"_chains":{"BVHU6MaxLahXsudfpFVllk9/3rdnOFC6HhHnPmmluhIO":{"chainKey":{"counter":1,"key":"XdM4AQ3pm/XxW1NCs41oxiAj38CmnTaa/cDE0kN3DSI="},"chainType":2,"messageKeys":{}},"BTwkpPOKH7dPP6d/PuO/b5HEQFbifX1GAL+SeYS5f3t2":{"chainKey":{"counter":-1,"key":"kCo9BH33DjoAr2JUMJfCxAt+VCgnuUHRAJ9i2g1PGMA="},"chainType":1,"messageKeys":{}}}}},"version":"v1"}