[{"id":"551299620069650998@s.whatsapp.net"},{"id":"553194650227@s.whatsapp.net","date":"11/08/22"},{"id":"559991508491@s.whatsapp.net","date":"11/08/22"},{"id":"5512996200696@s.whatsapp.net","date":"11/08/22"},{"id":"5521969226661@s.whatsapp.net","date":"12/08/22"},{"id":"status@broadcast","date":"12/08/22"},{"id":"5518997908503@s.whatsapp.net","date":"12/08/22"},{"id":"558584291163@s.whatsapp.net","date":"12/08/22"},{"id":"5511949356144@s.whatsapp.net","date":"12/08/22"},{"id":"5518996214419@s.whatsapp.net","date":"12/08/22"},{"id":"5519987128375@s.whatsapp.net","date":"12/08/22"},{"id":"5518996836569@s.whatsapp.net","date":"12/08/22"},{"id":"556899355576@s.whatsapp.net","date":"12/08/22"},{"id":"5518997741186@s.whatsapp.net","date":"13/08/22"},{"id":"5518997904297@s.whatsapp.net","date":"13/08/22"},{"id":"558281191498@s.whatsapp.net","date":"13/08/22"},{"id":"558288754398@s.whatsapp.net","date":"13/08/22"},{"id":"553184948750@s.whatsapp.net","date":"13/08/22"},{"id":"258875990438@s.whatsapp.net","date":"13/08/22"},{"id":"5521981168546@s.whatsapp.net","date":"13/08/22"},{"id":"5518997314832@s.whatsapp.net","date":"13/08/22"},{"id":"554491467071@s.whatsapp.net","date":"13/08/22"},{"id":"5511966491483@s.whatsapp.net","date":"14/08/22"},{"id":"558198923680@s.whatsapp.net","date":"14/08/22"},{"id":"554999229700@s.whatsapp.net","date":"14/08/22"},{"id":"558896934293@s.whatsapp.net","date":"15/08/22"},{"id":"5521995400244@s.whatsapp.net","date":"15/08/22"},{"id":"558681738809@s.whatsapp.net","date":"15/08/22"},{"id":"557199680533@s.whatsapp.net","date":"15/08/22"},{"id":"554498147393@s.whatsapp.net","date":"15/08/22"},{"id":"5518996389324@s.whatsapp.net","date":"15/08/22"},{"id":"5519989123916@s.whatsapp.net","date":"15/08/22"},{"id":"5511948504233@s.whatsapp.net","date":"16/08/22"},{"id":"557399396052@s.whatsapp.net","date":"16/08/22"},{"id":"554491150998@s.whatsapp.net","date":"22/08/22"}]